mtllib Bubble_Test.mtl
o Picture_Plane__0_1
usemtl Scene___Root
v -0.0000017266956980957037 -39.502193490269306 -39.502193490269235
v -0.0000019442869694562422 -44.48010159101752 -44.480101591017444
v -0.000001726695689872659 -39.50219349026932 -49.37774037911543
v -0.0000017266956980957037 -39.502193490269306 -39.502193490269235
v -0.0000021583695659871648 -49.3777403791155 -39.502193490269235
v -0.0000019442869694562422 -44.48010159101752 -44.480101591017444
v -0.0000014067005519854144 -32.18155799051354 -42.908745965646126
v -0.000001726695689872659 -39.50219349026932 -49.37774037911543
v -0.0000014067005430532387 -32.181557990513554 -53.63593097333654
v -0.0000014067005519854144 -32.18155799051354 -42.908745965646126
v -0.0000017266956980957037 -39.502193490269306 -39.502193490269235
v -0.000001726695689872659 -39.50219349026932 -49.37774037911543
v -0.0000010709595233707675 -24.500698742098436 -49.00139748419673
v -0.0000014067005430532387 -32.181557990513554 -53.63593097333654
v -0.0000010315767845445739 -23.59972689597845 -58.999315756224796
v -0.0000010709595233707675 -24.500698742098436 -49.00139748419673
v -0.0000014067005519854144 -32.18155799051354 -42.908745965646126
v -0.0000014067005430532387 -32.181557990513554 -53.63593097333654
v -5.354797412844539e-7 -12.250349371049252 -49.00139748419674
v -0.0000010709595233707675 -24.500698742098436 -49.00139748419673
v -0.0000010315767845445739 -23.59972689597845 -58.999315756224796
v -5.354797412844539e-7 -12.250349371049252 -49.00139748419674
v -0.0000010315767845445739 -23.59972689597845 -58.999315756224796
v -5.354797310839889e-7 -12.250349371049268 -61.251746855245926
v 4.080185979432337e-14 -6.528297567091739e-14 -49.001397484196744
v -5.354797412844539e-7 -12.250349371049252 -49.00139748419674
v -5.354797310839889e-7 -12.250349371049268 -61.251746855245926
v 4.080185979432337e-14 -6.528297567091739e-14 -49.001397484196744
v -5.354797310839889e-7 -12.250349371049268 -61.251746855245926
v 5.100232474290421e-14 -8.160371958864674e-14 -61.25174685524593
v 5.354798228881734e-7 12.25034937104912 -49.00139748419675
v 4.080185979432337e-14 -6.528297567091739e-14 -49.001397484196744
v 5.100232474290421e-14 -8.160371958864674e-14 -61.25174685524593
v 5.354798228881734e-7 12.25034937104912 -49.00139748419675
v 5.100232474290421e-14 -8.160371958864674e-14 -61.25174685524593
v 5.354798330886384e-7 12.250349371049104 -61.25174685524594
v 5.354798228881734e-7 12.25034937104912 -49.00139748419675
v 0.0000010315768827981718 23.599726895978293 -58.999315756224824
v 0.000001070959604974487 24.500698742098308 -49.00139748419676
v 0.0000010315768827981718 23.599726895978293 -58.999315756224824
v 5.354798228881734e-7 12.25034937104912 -49.00139748419675
v 5.354798330886384e-7 12.250349371049104 -61.25174685524594
v 0.0000014067006323750069 32.18155799051341 -53.63593097333657
v 0.000001070959604974487 24.500698742098308 -49.00139748419676
v 0.0000010315768827981718 23.599726895978293 -58.999315756224824
v 0.000001070959604974487 24.500698742098308 -49.00139748419676
v 0.0000014067006323750069 32.18155799051341 -53.63593097333657
v 0.0000014067006234428312 32.181557990513426 -42.908745965646155
v 0.0000014067006234428312 32.181557990513426 -42.908745965646155
v 0.0000017266957721031155 39.50219349026919 -49.37774037911547
v 0.0000017266957638800707 39.50219349026921 -39.50219349026928
v 0.0000017266957721031155 39.50219349026919 -49.37774037911547
v 0.0000014067006234428312 32.181557990513426 -42.908745965646155
v 0.0000014067006323750069 32.18155799051341 -53.63593097333657
v 0.0000019442870435304915 44.48010159101741 -44.48010159101749
v 0.0000017266957638800707 39.50219349026921 -39.50219349026928
v 0.0000017266957721031155 39.50219349026919 -49.37774037911547
v 0.0000021583696317715323 49.3777403791154 -39.50219349026928
v 0.0000017266957638800707 39.50219349026921 -39.50219349026928
v 0.0000019442870435304915 44.48010159101741 -44.48010159101749
v -0.0000018756008432963144 -42.90874596564618 -32.18155799051346
v -0.0000023445009959640146 -53.6359309733366 -32.181557990513454
v -0.0000021583695659871648 -49.3777403791155 -39.502193490269235
v -0.0000021583695659871648 -49.3777403791155 -39.502193490269235
v -0.0000017266956980957037 -39.502193490269306 -39.502193490269235
v -0.0000018756008432963144 -42.90874596564618 -32.18155799051346
v -0.0000014067005609175928 -32.181557990513525 -32.18155799051347
v -0.0000018756008432963144 -42.90874596564618 -32.18155799051346
v -0.0000017266956980957037 -39.502193490269306 -39.502193490269235
v -0.0000014067005609175928 -32.181557990513525 -32.18155799051347
v -0.0000017266956980957037 -39.502193490269306 -39.502193490269235
v -0.0000014067005519854144 -32.18155799051354 -42.908745965646126
v -0.0000010709595335712325 -24.50069874209842 -36.75104811314755
v -0.0000014067005519854144 -32.18155799051354 -42.908745965646126
v -0.0000010709595233707675 -24.500698742098436 -49.00139748419673
v -0.0000010709595335712325 -24.50069874209842 -36.75104811314755
v -0.0000014067005609175928 -32.181557990513525 -32.18155799051347
v -0.0000014067005519854144 -32.18155799051354 -42.908745965646126
v -5.354797514849188e-7 -12.250349371049236 -36.751048113147554
v -0.0000010709595335712325 -24.50069874209842 -36.75104811314755
v -0.0000010709595233707675 -24.500698742098436 -49.00139748419673
v -5.354797514849188e-7 -12.250349371049236 -36.751048113147554
v -0.0000010709595233707675 -24.500698742098436 -49.00139748419673
v -5.354797412844539e-7 -12.250349371049252 -49.00139748419674
v 3.060139484574253e-14 -4.8962231753188043e-14 -36.75104811314756
v -5.354797514849188e-7 -12.250349371049236 -36.751048113147554
v -5.354797412844539e-7 -12.250349371049252 -49.00139748419674
v 3.060139484574253e-14 -4.8962231753188043e-14 -36.75104811314756
v -5.354797412844539e-7 -12.250349371049252 -49.00139748419674
v 4.080185979432337e-14 -6.528297567091739e-14 -49.001397484196744
v 5.354798126877085e-7 12.250349371049136 -36.75104811314757
v 3.060139484574253e-14 -4.8962231753188043e-14 -36.75104811314756
v 4.080185979432337e-14 -6.528297567091739e-14 -49.001397484196744
v 5.354798126877085e-7 12.250349371049136 -36.75104811314757
v 4.080185979432337e-14 -6.528297567091739e-14 -49.001397484196744
v 5.354798228881734e-7 12.25034937104912 -49.00139748419675
v 0.000001070959594774022 24.500698742098322 -36.751048113147576
v 5.354798126877085e-7 12.250349371049136 -36.75104811314757
v 5.354798228881734e-7 12.25034937104912 -49.00139748419675
v 0.000001070959594774022 24.500698742098322 -36.751048113147576
v 5.354798228881734e-7 12.25034937104912 -49.00139748419675
v 0.000001070959604974487 24.500698742098308 -49.00139748419676
v 0.000001070959594774022 24.500698742098322 -36.751048113147576
v 0.0000014067006234428312 32.181557990513426 -42.908745965646155
v 0.0000014067006145106528 32.18155799051344 -32.1815579905135
v 0.0000014067006234428312 32.181557990513426 -42.908745965646155
v 0.000001070959594774022 24.500698742098322 -36.751048113147576
v 0.000001070959604974487 24.500698742098308 -49.00139748419676
v 0.0000014067006145106528 32.18155799051344 -32.1815579905135
v 0.0000017266957638800707 39.50219349026921 -39.50219349026928
v 0.0000018756008968893744 42.9087459656461 -32.181557990513504
v 0.0000017266957638800707 39.50219349026921 -39.50219349026928
v 0.0000014067006145106528 32.18155799051344 -32.1815579905135
v 0.0000014067006234428312 32.181557990513426 -42.908745965646155
v 0.0000018756008968893744 42.9087459656461 -32.181557990513504
v 0.0000021583696317715323 49.3777403791154 -39.50219349026928
v 0.000002344501049557075 53.635930973336514 -32.18155799051351
v 0.0000021583696317715323 49.3777403791154 -39.50219349026928
v 0.0000018756008968893744 42.9087459656461 -32.181557990513504
v 0.0000017266957638800707 39.50219349026921 -39.50219349026928
v -0.0000021419191079443246 -49.00139748419678 -24.500698742098347
v -0.0000025789419996722015 -58.99931575622484 -23.599726895978343
v -0.0000023445009959640146 -53.6359309733366 -32.181557990513454
v -0.0000023445009959640146 -53.6359309733366 -32.181557990513454
v -0.0000018756008432963144 -42.90874596564618 -32.18155799051346
v -0.0000021419191079443246 -49.00139748419678 -24.500698742098347
v -0.0000016064393258580107 -36.7510481131476 -24.500698742098354
v -0.0000021419191079443246 -49.00139748419678 -24.500698742098347
v -0.0000018756008432963144 -42.90874596564618 -32.18155799051346
v -0.0000018756008432963144 -42.90874596564618 -32.18155799051346
v -0.0000014067005609175928 -32.181557990513525 -32.18155799051347
v -0.0000016064393258580107 -36.7510481131476 -24.500698742098354
v -0.0000010709595437716973 -24.500698742098404 -24.50069874209836
v -0.0000014067005609175928 -32.181557990513525 -32.18155799051347
v -0.0000010709595335712325 -24.50069874209842 -36.75104811314755
v -0.0000010709595437716973 -24.500698742098404 -24.50069874209836
v -0.0000016064393258580107 -36.7510481131476 -24.500698742098354
v -0.0000014067005609175928 -32.181557990513525 -32.18155799051347
v -5.354797616853838e-7 -12.250349371049218 -24.500698742098365
v -0.0000010709595437716973 -24.500698742098404 -24.50069874209836
v -0.0000010709595335712325 -24.50069874209842 -36.75104811314755
v -5.354797616853838e-7 -12.250349371049218 -24.500698742098365
v -0.0000010709595335712325 -24.50069874209842 -36.75104811314755
v -5.354797514849188e-7 -12.250349371049236 -36.751048113147554
v 2.0400929897161685e-14 -3.2641487835458696e-14 -24.500698742098372
v -5.354797616853838e-7 -12.250349371049218 -24.500698742098365
v -5.354797514849188e-7 -12.250349371049236 -36.751048113147554
v 2.0400929897161685e-14 -3.2641487835458696e-14 -24.500698742098372
v -5.354797514849188e-7 -12.250349371049236 -36.751048113147554
v 3.060139484574253e-14 -4.8962231753188043e-14 -36.75104811314756
v 5.354798024872435e-7 12.250349371049154 -24.50069874209838
v 2.0400929897161685e-14 -3.2641487835458696e-14 -24.500698742098372
v 3.060139484574253e-14 -4.8962231753188043e-14 -36.75104811314756
v 5.354798024872435e-7 12.250349371049154 -24.50069874209838
v 3.060139484574253e-14 -4.8962231753188043e-14 -36.75104811314756
v 5.354798126877085e-7 12.250349371049136 -36.75104811314757
v 0.0000010709595845735573 24.50069874209834 -24.500698742098383
v 5.354798024872435e-7 12.250349371049154 -24.50069874209838
v 5.354798126877085e-7 12.250349371049136 -36.75104811314757
v 0.0000010709595845735573 24.50069874209834 -24.500698742098383
v 5.354798126877085e-7 12.250349371049136 -36.75104811314757
v 0.000001070959594774022 24.500698742098322 -36.751048113147576
v 0.0000010709595845735573 24.50069874209834 -24.500698742098383
v 0.0000014067006145106528 32.18155799051344 -32.1815579905135
v 0.0000016064393666598707 36.751048113147526 -24.50069874209839
v 0.0000014067006145106528 32.18155799051344 -32.1815579905135
v 0.0000010709595845735573 24.50069874209834 -24.500698742098383
v 0.000001070959594774022 24.500698742098322 -36.751048113147576
v 0.0000016064393666598707 36.751048113147526 -24.50069874209839
v 0.0000018756008968893744 42.9087459656461 -32.181557990513504
v 0.0000021419191487461846 49.00139748419671 -24.500698742098397
v 0.0000018756008968893744 42.9087459656461 -32.181557990513504
v 0.0000016064393666598707 36.751048113147526 -24.50069874209839
v 0.0000014067006145106528 32.18155799051344 -32.1815579905135
v 0.0000021419191487461846 49.00139748419671 -24.500698742098397
v 0.000002344501049557075 53.635930973336514 -32.18155799051351
v 0.0000025789420389736417 58.99931575622478 -23.5997268959784
v 0.000002344501049557075 53.635930973336514 -32.18155799051351
v 0.0000021419191487461846 49.00139748419671 -24.500698742098397
v 0.0000018756008968893744 42.9087459656461 -32.181557990513504
v -0.0000021419191181447896 -49.00139748419676 -12.250349371049161
v -0.000002677398900231103 -61.25174685524595 -12.250349371049156
v -0.0000025789419996722015 -58.99931575622484 -23.599726895978343
v -0.0000021419191181447896 -49.00139748419676 -12.250349371049161
v -0.0000025789419996722015 -58.99931575622484 -23.599726895978343
v -0.0000021419191079443246 -49.00139748419678 -24.500698742098347
v -0.0000016064393360584757 -36.751048113147576 -12.250349371049168
v -0.0000021419191181447896 -49.00139748419676 -12.250349371049161
v -0.0000021419191079443246 -49.00139748419678 -24.500698742098347
v -0.0000016064393360584757 -36.751048113147576 -12.250349371049168
v -0.0000021419191079443246 -49.00139748419678 -24.500698742098347
v -0.0000016064393258580107 -36.7510481131476 -24.500698742098354
v -0.0000010709595539721623 -24.50069874209839 -12.250349371049174
v -0.0000016064393360584757 -36.751048113147576 -12.250349371049168
v -0.0000016064393258580107 -36.7510481131476 -24.500698742098354
v -0.0000010709595539721623 -24.50069874209839 -12.250349371049174
v -0.0000016064393258580107 -36.7510481131476 -24.500698742098354
v -0.0000010709595437716973 -24.500698742098404 -24.50069874209836
v -5.354797718858486e-7 -12.250349371049202 -12.25034937104918
v -0.0000010709595539721623 -24.50069874209839 -12.250349371049174
v -0.0000010709595437716973 -24.500698742098404 -24.50069874209836
v -5.354797718858486e-7 -12.250349371049202 -12.25034937104918
v -0.0000010709595437716973 -24.500698742098404 -24.50069874209836
v -5.354797616853838e-7 -12.250349371049218 -24.500698742098365
v 1.0200464948580842e-14 -1.6320743917729348e-14 -12.250349371049186
v -5.354797718858486e-7 -12.250349371049202 -12.25034937104918
v -5.354797616853838e-7 -12.250349371049218 -24.500698742098365
v 1.0200464948580842e-14 -1.6320743917729348e-14 -12.250349371049186
v -5.354797616853838e-7 -12.250349371049218 -24.500698742098365
v 2.0400929897161685e-14 -3.2641487835458696e-14 -24.500698742098372
v 5.354797922867786e-7 12.25034937104917 -12.250349371049191
v 1.0200464948580842e-14 -1.6320743917729348e-14 -12.250349371049186
v 2.0400929897161685e-14 -3.2641487835458696e-14 -24.500698742098372
v 5.354797922867786e-7 12.25034937104917 -12.250349371049191
v 2.0400929897161685e-14 -3.2641487835458696e-14 -24.500698742098372
v 5.354798024872435e-7 12.250349371049154 -24.50069874209838
v 0.0000010709595743730923 24.500698742098354 -12.250349371049198
v 5.354797922867786e-7 12.25034937104917 -12.250349371049191
v 5.354798024872435e-7 12.250349371049154 -24.50069874209838
v 0.0000010709595743730923 24.500698742098354 -12.250349371049198
v 5.354798024872435e-7 12.250349371049154 -24.50069874209838
v 0.0000010709595845735573 24.50069874209834 -24.500698742098383
v 0.0000016064393564594057 36.75104811314755 -12.250349371049204
v 0.0000010709595743730923 24.500698742098354 -12.250349371049198
v 0.0000010709595845735573 24.50069874209834 -24.500698742098383
v 0.0000016064393564594057 36.75104811314755 -12.250349371049204
v 0.0000010709595845735573 24.50069874209834 -24.500698742098383
v 0.0000016064393666598707 36.751048113147526 -24.50069874209839
v 0.0000021419191385457196 49.00139748419673 -12.25034937104921
v 0.0000016064393564594057 36.75104811314755 -12.250349371049204
v 0.0000016064393666598707 36.751048113147526 -24.50069874209839
v 0.0000021419191385457196 49.00139748419673 -12.25034937104921
v 0.0000016064393666598707 36.751048113147526 -24.50069874209839
v 0.0000021419191487461846 49.00139748419671 -24.500698742098397
v 0.0000021419191385457196 49.00139748419673 -12.25034937104921
v 0.0000025789420389736417 58.99931575622478 -23.5997268959784
v 0.000002677398920632033 61.25174685524592 -12.250349371049216
v 0.0000025789420389736417 58.99931575622478 -23.5997268959784
v 0.0000021419191385457196 49.00139748419673 -12.25034937104921
v 0.0000021419191487461846 49.00139748419671 -24.500698742098397
v -0.0000021419191283452546 -49.001397484196744 2.4481115876594044e-14
v -0.000002677398910431568 -61.25174685524593 3.060139484574255e-14
v -0.000002677398900231103 -61.25174685524595 -12.250349371049156
v -0.0000021419191283452546 -49.001397484196744 2.4481115876594044e-14
v -0.000002677398900231103 -61.25174685524595 -12.250349371049156
v -0.0000021419191181447896 -49.00139748419676 -12.250349371049161
v -0.0000016064393462589407 -36.75104811314756 1.8360836907445532e-14
v -0.0000021419191283452546 -49.001397484196744 2.4481115876594044e-14
v -0.0000021419191181447896 -49.00139748419676 -12.250349371049161
v -0.0000016064393462589407 -36.75104811314756 1.8360836907445532e-14
v -0.0000021419191181447896 -49.00139748419676 -12.250349371049161
v -0.0000016064393360584757 -36.751048113147576 -12.250349371049168
v -0.0000010709595641726273 -24.500698742098372 1.2240557938297022e-14
v -0.0000016064393462589407 -36.75104811314756 1.8360836907445532e-14
v -0.0000016064393360584757 -36.751048113147576 -12.250349371049168
v -0.0000010709595641726273 -24.500698742098372 1.2240557938297022e-14
v -0.0000016064393360584757 -36.751048113147576 -12.250349371049168
v -0.0000010709595539721623 -24.50069874209839 -12.250349371049174
v -5.354797820863136e-7 -12.250349371049186 6.120278969148511e-15
v -0.0000010709595641726273 -24.500698742098372 1.2240557938297022e-14
v -0.0000010709595539721623 -24.50069874209839 -12.250349371049174
v -5.354797820863136e-7 -12.250349371049186 6.120278969148511e-15
v -0.0000010709595539721623 -24.50069874209839 -12.250349371049174
v -5.354797718858486e-7 -12.250349371049202 -12.25034937104918
v 0 0 0
v -5.354797820863136e-7 -12.250349371049186 6.120278969148511e-15
v -5.354797718858486e-7 -12.250349371049202 -12.25034937104918
v 0 0 0
v -5.354797718858486e-7 -12.250349371049202 -12.25034937104918
v 1.0200464948580842e-14 -1.6320743917729348e-14 -12.250349371049186
v 5.354797820863136e-7 12.250349371049186 -6.120278969148511e-15
v 0 0 0
v 1.0200464948580842e-14 -1.6320743917729348e-14 -12.250349371049186
v 5.354797820863136e-7 12.250349371049186 -6.120278969148511e-15
v 1.0200464948580842e-14 -1.6320743917729348e-14 -12.250349371049186
v 5.354797922867786e-7 12.25034937104917 -12.250349371049191
v 0.0000010709595641726273 24.500698742098372 -1.2240557938297022e-14
v 5.354797820863136e-7 12.250349371049186 -6.120278969148511e-15
v 5.354797922867786e-7 12.25034937104917 -12.250349371049191
v 0.0000010709595641726273 24.500698742098372 -1.2240557938297022e-14
v 5.354797922867786e-7 12.25034937104917 -12.250349371049191
v 0.0000010709595743730923 24.500698742098354 -12.250349371049198
v 0.0000016064393462589407 36.75104811314756 -1.8360836907445532e-14
v 0.0000010709595641726273 24.500698742098372 -1.2240557938297022e-14
v 0.0000010709595743730923 24.500698742098354 -12.250349371049198
v 0.0000016064393462589407 36.75104811314756 -1.8360836907445532e-14
v 0.0000010709595743730923 24.500698742098354 -12.250349371049198
v 0.0000016064393564594057 36.75104811314755 -12.250349371049204
v 0.0000021419191283452546 49.001397484196744 -2.4481115876594044e-14
v 0.0000016064393462589407 36.75104811314756 -1.8360836907445532e-14
v 0.0000016064393564594057 36.75104811314755 -12.250349371049204
v 0.0000021419191283452546 49.001397484196744 -2.4481115876594044e-14
v 0.0000016064393564594057 36.75104811314755 -12.250349371049204
v 0.0000021419191385457196 49.00139748419673 -12.25034937104921
v 0.000002677398910431568 61.25174685524593 -3.060139484574255e-14
v 0.0000021419191283452546 49.001397484196744 -2.4481115876594044e-14
v 0.0000021419191385457196 49.00139748419673 -12.25034937104921
v 0.000002677398910431568 61.25174685524593 -3.060139484574255e-14
v 0.0000021419191385457196 49.00139748419673 -12.25034937104921
v 0.000002677398920632033 61.25174685524592 -12.250349371049216
v -0.0000021419191385457196 -49.00139748419673 12.25034937104921
v -0.000002677398920632033 -61.25174685524592 12.250349371049216
v -0.000002677398910431568 -61.25174685524593 3.060139484574255e-14
v -0.0000021419191385457196 -49.00139748419673 12.25034937104921
v -0.000002677398910431568 -61.25174685524593 3.060139484574255e-14
v -0.0000021419191283452546 -49.001397484196744 2.4481115876594044e-14
v -0.0000016064393564594057 -36.75104811314755 12.250349371049204
v -0.0000021419191385457196 -49.00139748419673 12.25034937104921
v -0.0000021419191283452546 -49.001397484196744 2.4481115876594044e-14
v -0.0000016064393564594057 -36.75104811314755 12.250349371049204
v -0.0000021419191283452546 -49.001397484196744 2.4481115876594044e-14
v -0.0000016064393462589407 -36.75104811314756 1.8360836907445532e-14
v -0.0000010709595743730923 -24.500698742098354 12.250349371049198
v -0.0000016064393564594057 -36.75104811314755 12.250349371049204
v -0.0000016064393462589407 -36.75104811314756 1.8360836907445532e-14
v -0.0000010709595743730923 -24.500698742098354 12.250349371049198
v -0.0000016064393462589407 -36.75104811314756 1.8360836907445532e-14
v -0.0000010709595641726273 -24.500698742098372 1.2240557938297022e-14
v -5.354797922867786e-7 -12.25034937104917 12.250349371049191
v -0.0000010709595743730923 -24.500698742098354 12.250349371049198
v -0.0000010709595641726273 -24.500698742098372 1.2240557938297022e-14
v -5.354797922867786e-7 -12.25034937104917 12.250349371049191
v -0.0000010709595641726273 -24.500698742098372 1.2240557938297022e-14
v -5.354797820863136e-7 -12.250349371049186 6.120278969148511e-15
v -1.0200464948580842e-14 1.6320743917729348e-14 12.250349371049186
v -5.354797922867786e-7 -12.25034937104917 12.250349371049191
v -5.354797820863136e-7 -12.250349371049186 6.120278969148511e-15
v -1.0200464948580842e-14 1.6320743917729348e-14 12.250349371049186
v -5.354797820863136e-7 -12.250349371049186 6.120278969148511e-15
v 0 0 0
v 5.354797718858486e-7 12.250349371049202 12.25034937104918
v -1.0200464948580842e-14 1.6320743917729348e-14 12.250349371049186
v 0 0 0
v 5.354797718858486e-7 12.250349371049202 12.25034937104918
v 0 0 0
v 5.354797820863136e-7 12.250349371049186 -6.120278969148511e-15
v 0.0000010709595539721623 24.50069874209839 12.250349371049174
v 5.354797718858486e-7 12.250349371049202 12.25034937104918
v 5.354797820863136e-7 12.250349371049186 -6.120278969148511e-15
v 0.0000010709595539721623 24.50069874209839 12.250349371049174
v 5.354797820863136e-7 12.250349371049186 -6.120278969148511e-15
v 0.0000010709595641726273 24.500698742098372 -1.2240557938297022e-14
v 0.0000016064393360584757 36.751048113147576 12.250349371049168
v 0.0000010709595539721623 24.50069874209839 12.250349371049174
v 0.0000010709595641726273 24.500698742098372 -1.2240557938297022e-14
v 0.0000016064393360584757 36.751048113147576 12.250349371049168
v 0.0000010709595641726273 24.500698742098372 -1.2240557938297022e-14
v 0.0000016064393462589407 36.75104811314756 -1.8360836907445532e-14
v 0.0000021419191181447896 49.00139748419676 12.250349371049161
v 0.0000016064393360584757 36.751048113147576 12.250349371049168
v 0.0000016064393462589407 36.75104811314756 -1.8360836907445532e-14
v 0.0000021419191181447896 49.00139748419676 12.250349371049161
v 0.0000016064393462589407 36.75104811314756 -1.8360836907445532e-14
v 0.0000021419191283452546 49.001397484196744 -2.4481115876594044e-14
v 0.000002677398900231103 61.25174685524595 12.250349371049156
v 0.0000021419191181447896 49.00139748419676 12.250349371049161
v 0.0000021419191283452546 49.001397484196744 -2.4481115876594044e-14
v 0.000002677398900231103 61.25174685524595 12.250349371049156
v 0.0000021419191283452546 49.001397484196744 -2.4481115876594044e-14
v 0.000002677398910431568 61.25174685524593 -3.060139484574255e-14
v -0.0000025789420389736417 -58.99931575622478 23.5997268959784
v -0.0000021419191385457196 -49.00139748419673 12.25034937104921
v -0.0000021419191487461846 -49.00139748419671 24.500698742098397
v -0.0000021419191385457196 -49.00139748419673 12.25034937104921
v -0.0000025789420389736417 -58.99931575622478 23.5997268959784
v -0.000002677398920632033 -61.25174685524592 12.250349371049216
v -0.0000016064393666598707 -36.751048113147526 24.50069874209839
v -0.0000021419191487461846 -49.00139748419671 24.500698742098397
v -0.0000021419191385457196 -49.00139748419673 12.25034937104921
v -0.0000016064393666598707 -36.751048113147526 24.50069874209839
v -0.0000021419191385457196 -49.00139748419673 12.25034937104921
v -0.0000016064393564594057 -36.75104811314755 12.250349371049204
v -0.0000010709595845735573 -24.50069874209834 24.500698742098383
v -0.0000016064393666598707 -36.751048113147526 24.50069874209839
v -0.0000016064393564594057 -36.75104811314755 12.250349371049204
v -0.0000010709595845735573 -24.50069874209834 24.500698742098383
v -0.0000016064393564594057 -36.75104811314755 12.250349371049204
v -0.0000010709595743730923 -24.500698742098354 12.250349371049198
v -5.354798024872435e-7 -12.250349371049154 24.50069874209838
v -0.0000010709595845735573 -24.50069874209834 24.500698742098383
v -0.0000010709595743730923 -24.500698742098354 12.250349371049198
v -5.354798024872435e-7 -12.250349371049154 24.50069874209838
v -0.0000010709595743730923 -24.500698742098354 12.250349371049198
v -5.354797922867786e-7 -12.25034937104917 12.250349371049191
v -2.0400929897161685e-14 3.2641487835458696e-14 24.500698742098372
v -5.354798024872435e-7 -12.250349371049154 24.50069874209838
v -5.354797922867786e-7 -12.25034937104917 12.250349371049191
v -2.0400929897161685e-14 3.2641487835458696e-14 24.500698742098372
v -5.354797922867786e-7 -12.25034937104917 12.250349371049191
v -1.0200464948580842e-14 1.6320743917729348e-14 12.250349371049186
v 5.354797616853838e-7 12.250349371049218 24.500698742098365
v -2.0400929897161685e-14 3.2641487835458696e-14 24.500698742098372
v -1.0200464948580842e-14 1.6320743917729348e-14 12.250349371049186
v 5.354797616853838e-7 12.250349371049218 24.500698742098365
v -1.0200464948580842e-14 1.6320743917729348e-14 12.250349371049186
v 5.354797718858486e-7 12.250349371049202 12.25034937104918
v 0.0000010709595437716973 24.500698742098404 24.50069874209836
v 5.354797616853838e-7 12.250349371049218 24.500698742098365
v 5.354797718858486e-7 12.250349371049202 12.25034937104918
v 0.0000010709595437716973 24.500698742098404 24.50069874209836
v 5.354797718858486e-7 12.250349371049202 12.25034937104918
v 0.0000010709595539721623 24.50069874209839 12.250349371049174
v 0.0000016064393258580107 36.7510481131476 24.500698742098354
v 0.0000010709595437716973 24.500698742098404 24.50069874209836
v 0.0000010709595539721623 24.50069874209839 12.250349371049174
v 0.0000016064393258580107 36.7510481131476 24.500698742098354
v 0.0000010709595539721623 24.50069874209839 12.250349371049174
v 0.0000016064393360584757 36.751048113147576 12.250349371049168
v 0.0000021419191079443246 49.00139748419678 24.500698742098347
v 0.0000016064393258580107 36.7510481131476 24.500698742098354
v 0.0000016064393360584757 36.751048113147576 12.250349371049168
v 0.0000021419191079443246 49.00139748419678 24.500698742098347
v 0.0000016064393360584757 36.751048113147576 12.250349371049168
v 0.0000021419191181447896 49.00139748419676 12.250349371049161
v 0.0000025789419996722015 58.99931575622484 23.599726895978343
v 0.0000021419191079443246 49.00139748419678 24.500698742098347
v 0.0000021419191181447896 49.00139748419676 12.250349371049161
v 0.0000021419191181447896 49.00139748419676 12.250349371049161
v 0.000002677398900231103 61.25174685524595 12.250349371049156
v 0.0000025789419996722015 58.99931575622484 23.599726895978343
v -0.000002344501049557075 -53.635930973336514 32.18155799051351
v -0.0000021419191487461846 -49.00139748419671 24.500698742098397
v -0.0000018756008968893744 -42.9087459656461 32.181557990513504
v -0.0000021419191487461846 -49.00139748419671 24.500698742098397
v -0.000002344501049557075 -53.635930973336514 32.18155799051351
v -0.0000025789420389736417 -58.99931575622478 23.5997268959784
v -0.0000018756008968893744 -42.9087459656461 32.181557990513504
v -0.0000016064393666598707 -36.751048113147526 24.50069874209839
v -0.0000014067006145106528 -32.18155799051344 32.1815579905135
v -0.0000016064393666598707 -36.751048113147526 24.50069874209839
v -0.0000018756008968893744 -42.9087459656461 32.181557990513504
v -0.0000021419191487461846 -49.00139748419671 24.500698742098397
v -0.0000014067006145106528 -32.18155799051344 32.1815579905135
v -0.0000010709595845735573 -24.50069874209834 24.500698742098383
v -0.000001070959594774022 -24.500698742098322 36.751048113147576
v -0.0000010709595845735573 -24.50069874209834 24.500698742098383
v -0.0000014067006145106528 -32.18155799051344 32.1815579905135
v -0.0000016064393666598707 -36.751048113147526 24.50069874209839
v -5.354798126877085e-7 -12.250349371049136 36.75104811314757
v -0.000001070959594774022 -24.500698742098322 36.751048113147576
v -0.0000010709595845735573 -24.50069874209834 24.500698742098383
v -5.354798126877085e-7 -12.250349371049136 36.75104811314757
v -0.0000010709595845735573 -24.50069874209834 24.500698742098383
v -5.354798024872435e-7 -12.250349371049154 24.50069874209838
v -3.060139484574253e-14 4.8962231753188043e-14 36.75104811314756
v -5.354798126877085e-7 -12.250349371049136 36.75104811314757
v -5.354798024872435e-7 -12.250349371049154 24.50069874209838
v -3.060139484574253e-14 4.8962231753188043e-14 36.75104811314756
v -5.354798024872435e-7 -12.250349371049154 24.50069874209838
v -2.0400929897161685e-14 3.2641487835458696e-14 24.500698742098372
v 5.354797514849188e-7 12.250349371049236 36.751048113147554
v -3.060139484574253e-14 4.8962231753188043e-14 36.75104811314756
v -2.0400929897161685e-14 3.2641487835458696e-14 24.500698742098372
v 5.354797514849188e-7 12.250349371049236 36.751048113147554
v -2.0400929897161685e-14 3.2641487835458696e-14 24.500698742098372
v 5.354797616853838e-7 12.250349371049218 24.500698742098365
v 0.0000010709595335712325 24.50069874209842 36.75104811314755
v 5.354797514849188e-7 12.250349371049236 36.751048113147554
v 5.354797616853838e-7 12.250349371049218 24.500698742098365
v 0.0000010709595335712325 24.50069874209842 36.75104811314755
v 5.354797616853838e-7 12.250349371049218 24.500698742098365
v 0.0000010709595437716973 24.500698742098404 24.50069874209836
v 0.0000014067005609175928 32.181557990513525 32.18155799051347
v 0.0000010709595335712325 24.50069874209842 36.75104811314755
v 0.0000010709595437716973 24.500698742098404 24.50069874209836
v 0.0000010709595437716973 24.500698742098404 24.50069874209836
v 0.0000016064393258580107 36.7510481131476 24.500698742098354
v 0.0000014067005609175928 32.181557990513525 32.18155799051347
v 0.0000018756008432963144 42.90874596564618 32.18155799051346
v 0.0000014067005609175928 32.181557990513525 32.18155799051347
v 0.0000016064393258580107 36.7510481131476 24.500698742098354
v 0.0000016064393258580107 36.7510481131476 24.500698742098354
v 0.0000021419191079443246 49.00139748419678 24.500698742098347
v 0.0000018756008432963144 42.90874596564618 32.18155799051346
v 0.0000023445009959640146 53.6359309733366 32.181557990513454
v 0.0000018756008432963144 42.90874596564618 32.18155799051346
v 0.0000021419191079443246 49.00139748419678 24.500698742098347
v 0.0000021419191079443246 49.00139748419678 24.500698742098347
v 0.0000025789419996722015 58.99931575622484 23.599726895978343
v 0.0000023445009959640146 53.6359309733366 32.181557990513454
v -0.0000021583696317715323 -49.3777403791154 39.50219349026928
v -0.0000018756008968893744 -42.9087459656461 32.181557990513504
v -0.0000017266957638800707 -39.50219349026921 39.50219349026928
v -0.0000018756008968893744 -42.9087459656461 32.181557990513504
v -0.0000021583696317715323 -49.3777403791154 39.50219349026928
v -0.000002344501049557075 -53.635930973336514 32.18155799051351
v -0.0000017266957638800707 -39.50219349026921 39.50219349026928
v -0.0000014067006145106528 -32.18155799051344 32.1815579905135
v -0.0000014067006234428312 -32.181557990513426 42.908745965646155
v -0.0000014067006145106528 -32.18155799051344 32.1815579905135
v -0.0000017266957638800707 -39.50219349026921 39.50219349026928
v -0.0000018756008968893744 -42.9087459656461 32.181557990513504
v -0.000001070959594774022 -24.500698742098322 36.751048113147576
v -0.0000014067006234428312 -32.181557990513426 42.908745965646155
v -0.0000014067006145106528 -32.18155799051344 32.1815579905135
v -0.0000014067006234428312 -32.181557990513426 42.908745965646155
v -0.000001070959594774022 -24.500698742098322 36.751048113147576
v -0.000001070959604974487 -24.500698742098308 49.00139748419676
v -5.354798228881734e-7 -12.25034937104912 49.00139748419675
v -0.000001070959604974487 -24.500698742098308 49.00139748419676
v -0.000001070959594774022 -24.500698742098322 36.751048113147576
v -5.354798228881734e-7 -12.25034937104912 49.00139748419675
v -0.000001070959594774022 -24.500698742098322 36.751048113147576
v -5.354798126877085e-7 -12.250349371049136 36.75104811314757
v -4.080185979432337e-14 6.528297567091739e-14 49.001397484196744
v -5.354798228881734e-7 -12.25034937104912 49.00139748419675
v -5.354798126877085e-7 -12.250349371049136 36.75104811314757
v -4.080185979432337e-14 6.528297567091739e-14 49.001397484196744
v -5.354798126877085e-7 -12.250349371049136 36.75104811314757
v -3.060139484574253e-14 4.8962231753188043e-14 36.75104811314756
v 5.354797412844539e-7 12.250349371049252 49.00139748419674
v -4.080185979432337e-14 6.528297567091739e-14 49.001397484196744
v -3.060139484574253e-14 4.8962231753188043e-14 36.75104811314756
v 5.354797412844539e-7 12.250349371049252 49.00139748419674
v -3.060139484574253e-14 4.8962231753188043e-14 36.75104811314756
v 5.354797514849188e-7 12.250349371049236 36.751048113147554
v 0.0000010709595233707675 24.500698742098436 49.00139748419673
v 5.354797412844539e-7 12.250349371049252 49.00139748419674
v 5.354797514849188e-7 12.250349371049236 36.751048113147554
v 0.0000010709595233707675 24.500698742098436 49.00139748419673
v 5.354797514849188e-7 12.250349371049236 36.751048113147554
v 0.0000010709595335712325 24.50069874209842 36.75104811314755
v 0.0000014067005519854144 32.18155799051354 42.908745965646126
v 0.0000010709595335712325 24.50069874209842 36.75104811314755
v 0.0000014067005609175928 32.181557990513525 32.18155799051347
v 0.0000014067005519854144 32.18155799051354 42.908745965646126
v 0.0000010709595233707675 24.500698742098436 49.00139748419673
v 0.0000010709595335712325 24.50069874209842 36.75104811314755
v 0.0000017266956980957037 39.502193490269306 39.502193490269235
v 0.0000014067005519854144 32.18155799051354 42.908745965646126
v 0.0000014067005609175928 32.181557990513525 32.18155799051347
v 0.0000014067005609175928 32.181557990513525 32.18155799051347
v 0.0000018756008432963144 42.90874596564618 32.18155799051346
v 0.0000017266956980957037 39.502193490269306 39.502193490269235
v 0.0000021583695659871648 49.3777403791155 39.502193490269235
v 0.0000017266956980957037 39.502193490269306 39.502193490269235
v 0.0000018756008432963144 42.90874596564618 32.18155799051346
v 0.0000018756008432963144 42.90874596564618 32.18155799051346
v 0.0000023445009959640146 53.6359309733366 32.181557990513454
v 0.0000021583695659871648 49.3777403791155 39.502193490269235
v -0.0000019442870435304915 -44.48010159101741 44.48010159101749
v -0.0000017266957638800707 -39.50219349026921 39.50219349026928
v -0.0000017266957721031155 -39.50219349026919 49.37774037911547
v -0.0000017266957638800707 -39.50219349026921 39.50219349026928
v -0.0000019442870435304915 -44.48010159101741 44.48010159101749
v -0.0000021583696317715323 -49.3777403791154 39.50219349026928
v -0.0000017266957721031155 -39.50219349026919 49.37774037911547
v -0.0000014067006234428312 -32.181557990513426 42.908745965646155
v -0.0000014067006323750069 -32.18155799051341 53.63593097333657
v -0.0000014067006234428312 -32.181557990513426 42.908745965646155
v -0.0000017266957721031155 -39.50219349026919 49.37774037911547
v -0.0000017266957638800707 -39.50219349026921 39.50219349026928
v -0.0000014067006323750069 -32.18155799051341 53.63593097333657
v -0.000001070959604974487 -24.500698742098308 49.00139748419676
v -0.0000010315768827981718 -23.599726895978293 58.999315756224824
v -0.000001070959604974487 -24.500698742098308 49.00139748419676
v -0.0000014067006323750069 -32.18155799051341 53.63593097333657
v -0.0000014067006234428312 -32.181557990513426 42.908745965646155
v -0.0000010315768827981718 -23.599726895978293 58.999315756224824
v -5.354798228881734e-7 -12.25034937104912 49.00139748419675
v -5.354798330886384e-7 -12.250349371049104 61.25174685524594
v -5.354798228881734e-7 -12.25034937104912 49.00139748419675
v -0.0000010315768827981718 -23.599726895978293 58.999315756224824
v -0.000001070959604974487 -24.500698742098308 49.00139748419676
v -5.100232474290421e-14 8.160371958864674e-14 61.25174685524593
v -5.354798330886384e-7 -12.250349371049104 61.25174685524594
v -5.354798228881734e-7 -12.25034937104912 49.00139748419675
v -5.100232474290421e-14 8.160371958864674e-14 61.25174685524593
v -5.354798228881734e-7 -12.25034937104912 49.00139748419675
v -4.080185979432337e-14 6.528297567091739e-14 49.001397484196744
v 5.354797310839889e-7 12.250349371049268 61.251746855245926
v -5.100232474290421e-14 8.160371958864674e-14 61.25174685524593
v -4.080185979432337e-14 6.528297567091739e-14 49.001397484196744
v 5.354797310839889e-7 12.250349371049268 61.251746855245926
v -4.080185979432337e-14 6.528297567091739e-14 49.001397484196744
v 5.354797412844539e-7 12.250349371049252 49.00139748419674
v 0.0000010315767845445739 23.59972689597845 58.999315756224796
v 5.354797310839889e-7 12.250349371049268 61.251746855245926
v 5.354797412844539e-7 12.250349371049252 49.00139748419674
v 0.0000010315767845445739 23.59972689597845 58.999315756224796
v 5.354797412844539e-7 12.250349371049252 49.00139748419674
v 0.0000010709595233707675 24.500698742098436 49.00139748419673
v 0.0000014067005430532387 32.181557990513554 53.63593097333654
v 0.0000010709595233707675 24.500698742098436 49.00139748419673
v 0.0000014067005519854144 32.18155799051354 42.908745965646126
v 0.0000014067005430532387 32.181557990513554 53.63593097333654
v 0.0000010315767845445739 23.59972689597845 58.999315756224796
v 0.0000010709595233707675 24.500698742098436 49.00139748419673
v 0.000001726695689872659 39.50219349026932 49.37774037911543
v 0.0000014067005519854144 32.18155799051354 42.908745965646126
v 0.0000017266956980957037 39.502193490269306 39.502193490269235
v 0.000001726695689872659 39.50219349026932 49.37774037911543
v 0.0000014067005430532387 32.181557990513554 53.63593097333654
v 0.0000014067005519854144 32.18155799051354 42.908745965646126
v 0.0000019442869694562422 44.48010159101752 44.480101591017444
v 0.000001726695689872659 39.50219349026932 49.37774037911543
v 0.0000017266956980957037 39.502193490269306 39.502193490269235
v 0.0000017266956980957037 39.502193490269306 39.502193490269235
v 0.0000021583695659871648 49.3777403791155 39.502193490269235
v 0.0000019442869694562422 44.48010159101752 44.480101591017444
vt 0.10000000149011612 0.10000002384185791
vt 0 0
vt 0.10000000149011612 0
vt 0.10000000149011612 0.10000002384185791
vt 0 0.10000002384185791
vt 0 0
vt 0.20000000298023224 0.10000002384185791
vt 0.10000000149011612 0
vt 0.20000000298023224 0
vt 0.20000000298023224 0.10000002384185791
vt 0.10000000149011612 0.10000002384185791
vt 0.10000000149011612 0
vt 0.30000001192092896 0.10000002384185791
vt 0.20000000298023224 0
vt 0.30000001192092896 0
vt 0.30000001192092896 0.10000002384185791
vt 0.20000000298023224 0.10000002384185791
vt 0.20000000298023224 0
vt 0.4000000059604645 0.10000002384185791
vt 0.30000001192092896 0.10000002384185791
vt 0.30000001192092896 0
vt 0.4000000059604645 0.10000002384185791
vt 0.30000001192092896 0
vt 0.4000000059604645 0
vt 0.5 0.10000002384185791
vt 0.4000000059604645 0.10000002384185791
vt 0.4000000059604645 0
vt 0.5 0.10000002384185791
vt 0.4000000059604645 0
vt 0.5 0
vt 0.6000000238418579 0.10000002384185791
vt 0.5 0.10000002384185791
vt 0.5 0
vt 0.6000000238418579 0.10000002384185791
vt 0.5 0
vt 0.6000000238418579 0
vt 0.6000000238418579 0.10000002384185791
vt 0.7000000476837158 0
vt 0.7000000476837158 0.10000002384185791
vt 0.7000000476837158 0
vt 0.6000000238418579 0.10000002384185791
vt 0.6000000238418579 0
vt 0.8000000715255737 0
vt 0.7000000476837158 0.10000002384185791
vt 0.7000000476837158 0
vt 0.7000000476837158 0.10000002384185791
vt 0.8000000715255737 0
vt 0.8000000715255737 0.10000002384185791
vt 0.8000000715255737 0.10000002384185791
vt 0.9000000953674316 0
vt 0.9000000953674316 0.10000002384185791
vt 0.9000000953674316 0
vt 0.8000000715255737 0.10000002384185791
vt 0.8000000715255737 0
vt 1.0000001192092896 0
vt 0.9000000953674316 0.10000002384185791
vt 0.9000000953674316 0
vt 1.0000001192092896 0.10000002384185791
vt 0.9000000953674316 0.10000002384185791
vt 1.0000001192092896 0
vt 0.10000000149011612 0.19999998807907104
vt 0 0.19999998807907104
vt 0 0.10000002384185791
vt 0 0.10000002384185791
vt 0.10000000149011612 0.10000002384185791
vt 0.10000000149011612 0.19999998807907104
vt 0.20000000298023224 0.19999998807907104
vt 0.10000000149011612 0.19999998807907104
vt 0.10000000149011612 0.10000002384185791
vt 0.20000000298023224 0.19999998807907104
vt 0.10000000149011612 0.10000002384185791
vt 0.20000000298023224 0.10000002384185791
vt 0.30000001192092896 0.19999998807907104
vt 0.20000000298023224 0.10000002384185791
vt 0.30000001192092896 0.10000002384185791
vt 0.30000001192092896 0.19999998807907104
vt 0.20000000298023224 0.19999998807907104
vt 0.20000000298023224 0.10000002384185791
vt 0.4000000059604645 0.19999998807907104
vt 0.30000001192092896 0.19999998807907104
vt 0.30000001192092896 0.10000002384185791
vt 0.4000000059604645 0.19999998807907104
vt 0.30000001192092896 0.10000002384185791
vt 0.4000000059604645 0.10000002384185791
vt 0.5 0.19999998807907104
vt 0.4000000059604645 0.19999998807907104
vt 0.4000000059604645 0.10000002384185791
vt 0.5 0.19999998807907104
vt 0.4000000059604645 0.10000002384185791
vt 0.5 0.10000002384185791
vt 0.6000000238418579 0.19999998807907104
vt 0.5 0.19999998807907104
vt 0.5 0.10000002384185791
vt 0.6000000238418579 0.19999998807907104
vt 0.5 0.10000002384185791
vt 0.6000000238418579 0.10000002384185791
vt 0.7000000476837158 0.19999998807907104
vt 0.6000000238418579 0.19999998807907104
vt 0.6000000238418579 0.10000002384185791
vt 0.7000000476837158 0.19999998807907104
vt 0.6000000238418579 0.10000002384185791
vt 0.7000000476837158 0.10000002384185791
vt 0.7000000476837158 0.19999998807907104
vt 0.8000000715255737 0.10000002384185791
vt 0.8000000715255737 0.19999998807907104
vt 0.8000000715255737 0.10000002384185791
vt 0.7000000476837158 0.19999998807907104
vt 0.7000000476837158 0.10000002384185791
vt 0.8000000715255737 0.19999998807907104
vt 0.9000000953674316 0.10000002384185791
vt 0.9000000953674316 0.19999998807907104
vt 0.9000000953674316 0.10000002384185791
vt 0.8000000715255737 0.19999998807907104
vt 0.8000000715255737 0.10000002384185791
vt 0.9000000953674316 0.19999998807907104
vt 1.0000001192092896 0.10000002384185791
vt 1.0000001192092896 0.19999998807907104
vt 1.0000001192092896 0.10000002384185791
vt 0.9000000953674316 0.19999998807907104
vt 0.9000000953674316 0.10000002384185791
vt 0.10000000149011612 0.30000001192092896
vt 0 0.30000001192092896
vt 0 0.19999998807907104
vt 0 0.19999998807907104
vt 0.10000000149011612 0.19999998807907104
vt 0.10000000149011612 0.30000001192092896
vt 0.20000000298023224 0.30000001192092896
vt 0.10000000149011612 0.30000001192092896
vt 0.10000000149011612 0.19999998807907104
vt 0.10000000149011612 0.19999998807907104
vt 0.20000000298023224 0.19999998807907104
vt 0.20000000298023224 0.30000001192092896
vt 0.30000001192092896 0.30000001192092896
vt 0.20000000298023224 0.19999998807907104
vt 0.30000001192092896 0.19999998807907104
vt 0.30000001192092896 0.30000001192092896
vt 0.20000000298023224 0.30000001192092896
vt 0.20000000298023224 0.19999998807907104
vt 0.4000000059604645 0.30000001192092896
vt 0.30000001192092896 0.30000001192092896
vt 0.30000001192092896 0.19999998807907104
vt 0.4000000059604645 0.30000001192092896
vt 0.30000001192092896 0.19999998807907104
vt 0.4000000059604645 0.19999998807907104
vt 0.5 0.30000001192092896
vt 0.4000000059604645 0.30000001192092896
vt 0.4000000059604645 0.19999998807907104
vt 0.5 0.30000001192092896
vt 0.4000000059604645 0.19999998807907104
vt 0.5 0.19999998807907104
vt 0.6000000238418579 0.30000001192092896
vt 0.5 0.30000001192092896
vt 0.5 0.19999998807907104
vt 0.6000000238418579 0.30000001192092896
vt 0.5 0.19999998807907104
vt 0.6000000238418579 0.19999998807907104
vt 0.7000000476837158 0.30000001192092896
vt 0.6000000238418579 0.30000001192092896
vt 0.6000000238418579 0.19999998807907104
vt 0.7000000476837158 0.30000001192092896
vt 0.6000000238418579 0.19999998807907104
vt 0.7000000476837158 0.19999998807907104
vt 0.7000000476837158 0.30000001192092896
vt 0.8000000715255737 0.19999998807907104
vt 0.8000000715255737 0.30000001192092896
vt 0.8000000715255737 0.19999998807907104
vt 0.7000000476837158 0.30000001192092896
vt 0.7000000476837158 0.19999998807907104
vt 0.8000000715255737 0.30000001192092896
vt 0.9000000953674316 0.19999998807907104
vt 0.9000000953674316 0.30000001192092896
vt 0.9000000953674316 0.19999998807907104
vt 0.8000000715255737 0.30000001192092896
vt 0.8000000715255737 0.19999998807907104
vt 0.9000000953674316 0.30000001192092896
vt 1.0000001192092896 0.19999998807907104
vt 1.0000001192092896 0.30000001192092896
vt 1.0000001192092896 0.19999998807907104
vt 0.9000000953674316 0.30000001192092896
vt 0.9000000953674316 0.19999998807907104
vt 0.10000000149011612 0.3999999761581421
vt 0 0.3999999761581421
vt 0 0.30000001192092896
vt 0.10000000149011612 0.3999999761581421
vt 0 0.30000001192092896
vt 0.10000000149011612 0.30000001192092896
vt 0.20000000298023224 0.3999999761581421
vt 0.10000000149011612 0.3999999761581421
vt 0.10000000149011612 0.30000001192092896
vt 0.20000000298023224 0.3999999761581421
vt 0.10000000149011612 0.30000001192092896
vt 0.20000000298023224 0.30000001192092896
vt 0.30000001192092896 0.3999999761581421
vt 0.20000000298023224 0.3999999761581421
vt 0.20000000298023224 0.30000001192092896
vt 0.30000001192092896 0.3999999761581421
vt 0.20000000298023224 0.30000001192092896
vt 0.30000001192092896 0.30000001192092896
vt 0.4000000059604645 0.3999999761581421
vt 0.30000001192092896 0.3999999761581421
vt 0.30000001192092896 0.30000001192092896
vt 0.4000000059604645 0.3999999761581421
vt 0.30000001192092896 0.30000001192092896
vt 0.4000000059604645 0.30000001192092896
vt 0.5 0.3999999761581421
vt 0.4000000059604645 0.3999999761581421
vt 0.4000000059604645 0.30000001192092896
vt 0.5 0.3999999761581421
vt 0.4000000059604645 0.30000001192092896
vt 0.5 0.30000001192092896
vt 0.6000000238418579 0.3999999761581421
vt 0.5 0.3999999761581421
vt 0.5 0.30000001192092896
vt 0.6000000238418579 0.3999999761581421
vt 0.5 0.30000001192092896
vt 0.6000000238418579 0.30000001192092896
vt 0.7000000476837158 0.3999999761581421
vt 0.6000000238418579 0.3999999761581421
vt 0.6000000238418579 0.30000001192092896
vt 0.7000000476837158 0.3999999761581421
vt 0.6000000238418579 0.30000001192092896
vt 0.7000000476837158 0.30000001192092896
vt 0.8000000715255737 0.3999999761581421
vt 0.7000000476837158 0.3999999761581421
vt 0.7000000476837158 0.30000001192092896
vt 0.8000000715255737 0.3999999761581421
vt 0.7000000476837158 0.30000001192092896
vt 0.8000000715255737 0.30000001192092896
vt 0.9000000953674316 0.3999999761581421
vt 0.8000000715255737 0.3999999761581421
vt 0.8000000715255737 0.30000001192092896
vt 0.9000000953674316 0.3999999761581421
vt 0.8000000715255737 0.30000001192092896
vt 0.9000000953674316 0.30000001192092896
vt 0.9000000953674316 0.3999999761581421
vt 1.0000001192092896 0.30000001192092896
vt 1.0000001192092896 0.3999999761581421
vt 1.0000001192092896 0.30000001192092896
vt 0.9000000953674316 0.3999999761581421
vt 0.9000000953674316 0.30000001192092896
vt 0.10000000149011612 0.5
vt 0 0.5
vt 0 0.3999999761581421
vt 0.10000000149011612 0.5
vt 0 0.3999999761581421
vt 0.10000000149011612 0.3999999761581421
vt 0.20000000298023224 0.5
vt 0.10000000149011612 0.5
vt 0.10000000149011612 0.3999999761581421
vt 0.20000000298023224 0.5
vt 0.10000000149011612 0.3999999761581421
vt 0.20000000298023224 0.3999999761581421
vt 0.30000001192092896 0.5
vt 0.20000000298023224 0.5
vt 0.20000000298023224 0.3999999761581421
vt 0.30000001192092896 0.5
vt 0.20000000298023224 0.3999999761581421
vt 0.30000001192092896 0.3999999761581421
vt 0.4000000059604645 0.5
vt 0.30000001192092896 0.5
vt 0.30000001192092896 0.3999999761581421
vt 0.4000000059604645 0.5
vt 0.30000001192092896 0.3999999761581421
vt 0.4000000059604645 0.3999999761581421
vt 0.5 0.5
vt 0.4000000059604645 0.5
vt 0.4000000059604645 0.3999999761581421
vt 0.5 0.5
vt 0.4000000059604645 0.3999999761581421
vt 0.5 0.3999999761581421
vt 0.6000000238418579 0.5
vt 0.5 0.5
vt 0.5 0.3999999761581421
vt 0.6000000238418579 0.5
vt 0.5 0.3999999761581421
vt 0.6000000238418579 0.3999999761581421
vt 0.7000000476837158 0.5
vt 0.6000000238418579 0.5
vt 0.6000000238418579 0.3999999761581421
vt 0.7000000476837158 0.5
vt 0.6000000238418579 0.3999999761581421
vt 0.7000000476837158 0.3999999761581421
vt 0.8000000715255737 0.5
vt 0.7000000476837158 0.5
vt 0.7000000476837158 0.3999999761581421
vt 0.8000000715255737 0.5
vt 0.7000000476837158 0.3999999761581421
vt 0.8000000715255737 0.3999999761581421
vt 0.9000000953674316 0.5
vt 0.8000000715255737 0.5
vt 0.8000000715255737 0.3999999761581421
vt 0.9000000953674316 0.5
vt 0.8000000715255737 0.3999999761581421
vt 0.9000000953674316 0.3999999761581421
vt 1.0000001192092896 0.5
vt 0.9000000953674316 0.5
vt 0.9000000953674316 0.3999999761581421
vt 1.0000001192092896 0.5
vt 0.9000000953674316 0.3999999761581421
vt 1.0000001192092896 0.3999999761581421
vt 0.10000000149011612 0.6000000238418579
vt 0 0.6000000238418579
vt 0 0.5
vt 0.10000000149011612 0.6000000238418579
vt 0 0.5
vt 0.10000000149011612 0.5
vt 0.20000000298023224 0.6000000238418579
vt 0.10000000149011612 0.6000000238418579
vt 0.10000000149011612 0.5
vt 0.20000000298023224 0.6000000238418579
vt 0.10000000149011612 0.5
vt 0.20000000298023224 0.5
vt 0.30000001192092896 0.6000000238418579
vt 0.20000000298023224 0.6000000238418579
vt 0.20000000298023224 0.5
vt 0.30000001192092896 0.6000000238418579
vt 0.20000000298023224 0.5
vt 0.30000001192092896 0.5
vt 0.4000000059604645 0.6000000238418579
vt 0.30000001192092896 0.6000000238418579
vt 0.30000001192092896 0.5
vt 0.4000000059604645 0.6000000238418579
vt 0.30000001192092896 0.5
vt 0.4000000059604645 0.5
vt 0.5 0.6000000238418579
vt 0.4000000059604645 0.6000000238418579
vt 0.4000000059604645 0.5
vt 0.5 0.6000000238418579
vt 0.4000000059604645 0.5
vt 0.5 0.5
vt 0.6000000238418579 0.6000000238418579
vt 0.5 0.6000000238418579
vt 0.5 0.5
vt 0.6000000238418579 0.6000000238418579
vt 0.5 0.5
vt 0.6000000238418579 0.5
vt 0.7000000476837158 0.6000000238418579
vt 0.6000000238418579 0.6000000238418579
vt 0.6000000238418579 0.5
vt 0.7000000476837158 0.6000000238418579
vt 0.6000000238418579 0.5
vt 0.7000000476837158 0.5
vt 0.8000000715255737 0.6000000238418579
vt 0.7000000476837158 0.6000000238418579
vt 0.7000000476837158 0.5
vt 0.8000000715255737 0.6000000238418579
vt 0.7000000476837158 0.5
vt 0.8000000715255737 0.5
vt 0.9000000953674316 0.6000000238418579
vt 0.8000000715255737 0.6000000238418579
vt 0.8000000715255737 0.5
vt 0.9000000953674316 0.6000000238418579
vt 0.8000000715255737 0.5
vt 0.9000000953674316 0.5
vt 1.0000001192092896 0.6000000238418579
vt 0.9000000953674316 0.6000000238418579
vt 0.9000000953674316 0.5
vt 1.0000001192092896 0.6000000238418579
vt 0.9000000953674316 0.5
vt 1.0000001192092896 0.5
vt 0 0.7000000476837158
vt 0.10000000149011612 0.6000000238418579
vt 0.10000000149011612 0.7000000476837158
vt 0.10000000149011612 0.6000000238418579
vt 0 0.7000000476837158
vt 0 0.6000000238418579
vt 0.20000000298023224 0.7000000476837158
vt 0.10000000149011612 0.7000000476837158
vt 0.10000000149011612 0.6000000238418579
vt 0.20000000298023224 0.7000000476837158
vt 0.10000000149011612 0.6000000238418579
vt 0.20000000298023224 0.6000000238418579
vt 0.30000001192092896 0.7000000476837158
vt 0.20000000298023224 0.7000000476837158
vt 0.20000000298023224 0.6000000238418579
vt 0.30000001192092896 0.7000000476837158
vt 0.20000000298023224 0.6000000238418579
vt 0.30000001192092896 0.6000000238418579
vt 0.4000000059604645 0.7000000476837158
vt 0.30000001192092896 0.7000000476837158
vt 0.30000001192092896 0.6000000238418579
vt 0.4000000059604645 0.7000000476837158
vt 0.30000001192092896 0.6000000238418579
vt 0.4000000059604645 0.6000000238418579
vt 0.5 0.7000000476837158
vt 0.4000000059604645 0.7000000476837158
vt 0.4000000059604645 0.6000000238418579
vt 0.5 0.7000000476837158
vt 0.4000000059604645 0.6000000238418579
vt 0.5 0.6000000238418579
vt 0.6000000238418579 0.7000000476837158
vt 0.5 0.7000000476837158
vt 0.5 0.6000000238418579
vt 0.6000000238418579 0.7000000476837158
vt 0.5 0.6000000238418579
vt 0.6000000238418579 0.6000000238418579
vt 0.7000000476837158 0.7000000476837158
vt 0.6000000238418579 0.7000000476837158
vt 0.6000000238418579 0.6000000238418579
vt 0.7000000476837158 0.7000000476837158
vt 0.6000000238418579 0.6000000238418579
vt 0.7000000476837158 0.6000000238418579
vt 0.8000000715255737 0.7000000476837158
vt 0.7000000476837158 0.7000000476837158
vt 0.7000000476837158 0.6000000238418579
vt 0.8000000715255737 0.7000000476837158
vt 0.7000000476837158 0.6000000238418579
vt 0.8000000715255737 0.6000000238418579
vt 0.9000000953674316 0.7000000476837158
vt 0.8000000715255737 0.7000000476837158
vt 0.8000000715255737 0.6000000238418579
vt 0.9000000953674316 0.7000000476837158
vt 0.8000000715255737 0.6000000238418579
vt 0.9000000953674316 0.6000000238418579
vt 1.0000001192092896 0.7000000476837158
vt 0.9000000953674316 0.7000000476837158
vt 0.9000000953674316 0.6000000238418579
vt 0.9000000953674316 0.6000000238418579
vt 1.0000001192092896 0.6000000238418579
vt 1.0000001192092896 0.7000000476837158
vt 0 0.8000000715255737
vt 0.10000000149011612 0.7000000476837158
vt 0.10000000149011612 0.8000000715255737
vt 0.10000000149011612 0.7000000476837158
vt 0 0.8000000715255737
vt 0 0.7000000476837158
vt 0.10000000149011612 0.8000000715255737
vt 0.20000000298023224 0.7000000476837158
vt 0.20000000298023224 0.8000000715255737
vt 0.20000000298023224 0.7000000476837158
vt 0.10000000149011612 0.8000000715255737
vt 0.10000000149011612 0.7000000476837158
vt 0.20000000298023224 0.8000000715255737
vt 0.30000001192092896 0.7000000476837158
vt 0.30000001192092896 0.8000000715255737
vt 0.30000001192092896 0.7000000476837158
vt 0.20000000298023224 0.8000000715255737
vt 0.20000000298023224 0.7000000476837158
vt 0.4000000059604645 0.8000000715255737
vt 0.30000001192092896 0.8000000715255737
vt 0.30000001192092896 0.7000000476837158
vt 0.4000000059604645 0.8000000715255737
vt 0.30000001192092896 0.7000000476837158
vt 0.4000000059604645 0.7000000476837158
vt 0.5 0.8000000715255737
vt 0.4000000059604645 0.8000000715255737
vt 0.4000000059604645 0.7000000476837158
vt 0.5 0.8000000715255737
vt 0.4000000059604645 0.7000000476837158
vt 0.5 0.7000000476837158
vt 0.6000000238418579 0.8000000715255737
vt 0.5 0.8000000715255737
vt 0.5 0.7000000476837158
vt 0.6000000238418579 0.8000000715255737
vt 0.5 0.7000000476837158
vt 0.6000000238418579 0.7000000476837158
vt 0.7000000476837158 0.8000000715255737
vt 0.6000000238418579 0.8000000715255737
vt 0.6000000238418579 0.7000000476837158
vt 0.7000000476837158 0.8000000715255737
vt 0.6000000238418579 0.7000000476837158
vt 0.7000000476837158 0.7000000476837158
vt 0.8000000715255737 0.8000000715255737
vt 0.7000000476837158 0.8000000715255737
vt 0.7000000476837158 0.7000000476837158
vt 0.7000000476837158 0.7000000476837158
vt 0.8000000715255737 0.7000000476837158
vt 0.8000000715255737 0.8000000715255737
vt 0.9000000953674316 0.8000000715255737
vt 0.8000000715255737 0.8000000715255737
vt 0.8000000715255737 0.7000000476837158
vt 0.8000000715255737 0.7000000476837158
vt 0.9000000953674316 0.7000000476837158
vt 0.9000000953674316 0.8000000715255737
vt 1.0000001192092896 0.8000000715255737
vt 0.9000000953674316 0.8000000715255737
vt 0.9000000953674316 0.7000000476837158
vt 0.9000000953674316 0.7000000476837158
vt 1.0000001192092896 0.7000000476837158
vt 1.0000001192092896 0.8000000715255737
vt 0 0.9000000953674316
vt 0.10000000149011612 0.8000000715255737
vt 0.10000000149011612 0.9000000953674316
vt 0.10000000149011612 0.8000000715255737
vt 0 0.9000000953674316
vt 0 0.8000000715255737
vt 0.10000000149011612 0.9000000953674316
vt 0.20000000298023224 0.8000000715255737
vt 0.20000000298023224 0.9000000953674316
vt 0.20000000298023224 0.8000000715255737
vt 0.10000000149011612 0.9000000953674316
vt 0.10000000149011612 0.8000000715255737
vt 0.30000001192092896 0.8000000715255737
vt 0.20000000298023224 0.9000000953674316
vt 0.20000000298023224 0.8000000715255737
vt 0.20000000298023224 0.9000000953674316
vt 0.30000001192092896 0.8000000715255737
vt 0.30000001192092896 0.9000000953674316
vt 0.4000000059604645 0.9000000953674316
vt 0.30000001192092896 0.9000000953674316
vt 0.30000001192092896 0.8000000715255737
vt 0.4000000059604645 0.9000000953674316
vt 0.30000001192092896 0.8000000715255737
vt 0.4000000059604645 0.8000000715255737
vt 0.5 0.9000000953674316
vt 0.4000000059604645 0.9000000953674316
vt 0.4000000059604645 0.8000000715255737
vt 0.5 0.9000000953674316
vt 0.4000000059604645 0.8000000715255737
vt 0.5 0.8000000715255737
vt 0.6000000238418579 0.9000000953674316
vt 0.5 0.9000000953674316
vt 0.5 0.8000000715255737
vt 0.6000000238418579 0.9000000953674316
vt 0.5 0.8000000715255737
vt 0.6000000238418579 0.8000000715255737
vt 0.7000000476837158 0.9000000953674316
vt 0.6000000238418579 0.9000000953674316
vt 0.6000000238418579 0.8000000715255737
vt 0.7000000476837158 0.9000000953674316
vt 0.6000000238418579 0.8000000715255737
vt 0.7000000476837158 0.8000000715255737
vt 0.8000000715255737 0.9000000953674316
vt 0.7000000476837158 0.8000000715255737
vt 0.8000000715255737 0.8000000715255737
vt 0.8000000715255737 0.9000000953674316
vt 0.7000000476837158 0.9000000953674316
vt 0.7000000476837158 0.8000000715255737
vt 0.9000000953674316 0.9000000953674316
vt 0.8000000715255737 0.9000000953674316
vt 0.8000000715255737 0.8000000715255737
vt 0.8000000715255737 0.8000000715255737
vt 0.9000000953674316 0.8000000715255737
vt 0.9000000953674316 0.9000000953674316
vt 1.0000001192092896 0.9000000953674316
vt 0.9000000953674316 0.9000000953674316
vt 0.9000000953674316 0.8000000715255737
vt 0.9000000953674316 0.8000000715255737
vt 1.0000001192092896 0.8000000715255737
vt 1.0000001192092896 0.9000000953674316
vt 0 1.0000001192092896
vt 0.10000000149011612 0.9000000953674316
vt 0.10000000149011612 1.0000001192092896
vt 0.10000000149011612 0.9000000953674316
vt 0 1.0000001192092896
vt 0 0.9000000953674316
vt 0.10000000149011612 1.0000001192092896
vt 0.20000000298023224 0.9000000953674316
vt 0.20000000298023224 1.0000001192092896
vt 0.20000000298023224 0.9000000953674316
vt 0.10000000149011612 1.0000001192092896
vt 0.10000000149011612 0.9000000953674316
vt 0.20000000298023224 1.0000001192092896
vt 0.30000001192092896 0.9000000953674316
vt 0.30000001192092896 1.0000001192092896
vt 0.30000001192092896 0.9000000953674316
vt 0.20000000298023224 1.0000001192092896
vt 0.20000000298023224 0.9000000953674316
vt 0.30000001192092896 1.0000001192092896
vt 0.4000000059604645 0.9000000953674316
vt 0.4000000059604645 1.0000001192092896
vt 0.4000000059604645 0.9000000953674316
vt 0.30000001192092896 1.0000001192092896
vt 0.30000001192092896 0.9000000953674316
vt 0.5 1.0000001192092896
vt 0.4000000059604645 1.0000001192092896
vt 0.4000000059604645 0.9000000953674316
vt 0.5 1.0000001192092896
vt 0.4000000059604645 0.9000000953674316
vt 0.5 0.9000000953674316
vt 0.6000000238418579 1.0000001192092896
vt 0.5 1.0000001192092896
vt 0.5 0.9000000953674316
vt 0.6000000238418579 1.0000001192092896
vt 0.5 0.9000000953674316
vt 0.6000000238418579 0.9000000953674316
vt 0.7000000476837158 1.0000001192092896
vt 0.6000000238418579 1.0000001192092896
vt 0.6000000238418579 0.9000000953674316
vt 0.7000000476837158 1.0000001192092896
vt 0.6000000238418579 0.9000000953674316
vt 0.7000000476837158 0.9000000953674316
vt 0.8000000715255737 1.0000001192092896
vt 0.7000000476837158 0.9000000953674316
vt 0.8000000715255737 0.9000000953674316
vt 0.8000000715255737 1.0000001192092896
vt 0.7000000476837158 1.0000001192092896
vt 0.7000000476837158 0.9000000953674316
vt 0.9000000953674316 1.0000001192092896
vt 0.8000000715255737 0.9000000953674316
vt 0.9000000953674316 0.9000000953674316
vt 0.9000000953674316 1.0000001192092896
vt 0.8000000715255737 1.0000001192092896
vt 0.8000000715255737 0.9000000953674316
vt 1.0000001192092896 1.0000001192092896
vt 0.9000000953674316 1.0000001192092896
vt 0.9000000953674316 0.9000000953674316
vt 0.9000000953674316 0.9000000953674316
vt 1.0000001192092896 0.9000000953674316
vt 1.0000001192092896 1.0000001192092896
vn 0.999999999999999 -4.3711388619804856e-8 8.326673267041354e-16
vn 0.999999999999999 -4.3711388619804856e-8 8.326673267041354e-16
vn 0.999999999999999 -4.3711388619804856e-8 8.326673267041354e-16
vn 0.999999999999999 -4.3711388619804856e-8 8.326673267041354e-16
vn 0.999999999999999 -4.3711388619804856e-8 8.326673267041354e-16
vn 0.999999999999999 -4.3711388619804856e-8 8.326673267041354e-16
vn 0.999999999999999 -4.3711388619804856e-8 8.326673267041354e-16
vn 0.999999999999999 -4.3711388619804856e-8 8.326673267041354e-16
vn 0.999999999999999 -4.3711388619804856e-8 8.326673267041354e-16
vn 0.999999999999999 -4.3711388619804856e-8 8.326673267041354e-16
vn 0.999999999999999 -4.3711388619804856e-8 8.326673267041354e-16
vn 0.999999999999999 -4.3711388619804856e-8 8.326673267041354e-16
vn 0.999999999999999 -4.3711388619804856e-8 8.326673267041354e-16
vn 0.999999999999999 -4.3711388619804856e-8 8.326673267041354e-16
vn 0.999999999999999 -4.3711388619804856e-8 8.326673267041354e-16
vn 0.999999999999999 -4.3711388619804856e-8 8.326673267041354e-16
vn 0.999999999999999 -4.3711388619804856e-8 8.326673267041354e-16
vn 0.999999999999999 -4.3711388619804856e-8 8.326673267041354e-16
vn 0.999999999999999 -4.3711388619804856e-8 8.326673267041354e-16
vn 0.999999999999999 -4.3711388619804856e-8 8.326673267041354e-16
vn 0.999999999999999 -4.3711388619804856e-8 8.326673267041354e-16
vn 0.999999999999999 -4.3711388619804856e-8 8.326673267041354e-16
vn 0.999999999999999 -4.3711388619804856e-8 8.326673267041354e-16
vn 0.999999999999999 -4.3711388619804856e-8 8.326673267041354e-16
vn 0.999999999999999 -4.3711388619804856e-8 8.326673267041354e-16
vn 0.999999999999999 -4.3711388619804856e-8 8.326673267041354e-16
vn 0.999999999999999 -4.3711388619804856e-8 8.326673267041354e-16
vn 0.999999999999999 -4.3711388619804856e-8 8.326673267041354e-16
vn 0.999999999999999 -4.3711388619804856e-8 8.326673267041354e-16
vn 0.999999999999999 -4.3711388619804856e-8 8.326673267041354e-16
vn 0.999999999999999 -4.3711388619804856e-8 8.326673267041354e-16
vn 0.999999999999999 -4.3711388619804856e-8 8.326673267041354e-16
vn 0.999999999999999 -4.3711388619804856e-8 8.326673267041354e-16
vn 0.999999999999999 -4.3711388619804856e-8 8.326673267041354e-16
vn 0.999999999999999 -4.3711388619804856e-8 8.326673267041354e-16
vn 0.999999999999999 -4.3711388619804856e-8 8.326673267041354e-16
vn 0.999999999999999 -4.3711388619804856e-8 8.326673267041354e-16
vn 0.999999999999999 -4.3711388619804856e-8 8.326673267041354e-16
vn 0.999999999999999 -4.3711388619804856e-8 8.326673267041354e-16
vn 0.999999999999999 -4.3711388619804856e-8 8.326673267041354e-16
vn 0.999999999999999 -4.3711388619804856e-8 8.326673267041354e-16
vn 0.999999999999999 -4.3711388619804856e-8 8.326673267041354e-16
vn 0.999999999999999 -4.3711388619804856e-8 8.326673267041354e-16
vn 0.999999999999999 -4.3711388619804856e-8 8.326673267041354e-16
vn 0.999999999999999 -4.3711388619804856e-8 8.326673267041354e-16
vn 0.999999999999999 -4.3711388619804856e-8 8.326673267041354e-16
vn 0.999999999999999 -4.3711388619804856e-8 8.326673267041354e-16
vn 0.999999999999999 -4.3711388619804856e-8 8.326673267041354e-16
vn 0.999999999999999 -4.3711388619804856e-8 8.326673267041354e-16
vn 0.999999999999999 -4.3711388619804856e-8 8.326673267041354e-16
vn 0.999999999999999 -4.3711388619804856e-8 8.326673267041354e-16
vn 0.999999999999999 -4.3711388619804856e-8 8.326673267041354e-16
vn 0.999999999999999 -4.3711388619804856e-8 8.326673267041354e-16
vn 0.999999999999999 -4.3711388619804856e-8 8.326673267041354e-16
vn 0.999999999999999 -4.3711388619804856e-8 8.326673267041354e-16
vn 0.999999999999999 -4.3711388619804856e-8 8.326673267041354e-16
vn 0.999999999999999 -4.3711388619804856e-8 8.326673267041354e-16
vn 0.999999999999999 -4.3711388619804856e-8 8.326673267041354e-16
vn 0.999999999999999 -4.3711388619804856e-8 8.326673267041354e-16
vn 0.999999999999999 -4.3711388619804856e-8 8.326673267041354e-16
vn 0.999999999999999 -4.3711388619804856e-8 8.326673267041354e-16
vn 0.999999999999999 -4.3711388619804856e-8 8.326673267041354e-16
vn 0.999999999999999 -4.3711388619804856e-8 8.326673267041354e-16
vn 0.999999999999999 -4.3711388619804856e-8 8.326673267041354e-16
vn 0.999999999999999 -4.3711388619804856e-8 8.326673267041354e-16
vn 0.999999999999999 -4.3711388619804856e-8 8.326673267041354e-16
vn 0.999999999999999 -4.3711388619804856e-8 8.326673267041354e-16
vn 0.999999999999999 -4.3711388619804856e-8 8.326673267041354e-16
vn 0.999999999999999 -4.3711388619804856e-8 8.326673267041354e-16
vn 0.999999999999999 -4.3711388619804856e-8 8.326673267041354e-16
vn 0.999999999999999 -4.3711388619804856e-8 8.326673267041354e-16
vn 0.999999999999999 -4.3711388619804856e-8 8.326673267041354e-16
vn 0.999999999999999 -4.3711388619804856e-8 8.326673267041354e-16
vn 0.999999999999999 -4.3711388619804856e-8 8.326673267041354e-16
vn 0.999999999999999 -4.3711388619804856e-8 8.326673267041354e-16
vn 0.999999999999999 -4.3711388619804856e-8 8.326673267041354e-16
vn 0.999999999999999 -4.3711388619804856e-8 8.326673267041354e-16
vn 0.999999999999999 -4.3711388619804856e-8 8.326673267041354e-16
vn 0.999999999999999 -4.3711388619804856e-8 8.326673267041354e-16
vn 0.999999999999999 -4.3711388619804856e-8 8.326673267041354e-16
vn 0.999999999999999 -4.3711388619804856e-8 8.326673267041354e-16
vn 0.999999999999999 -4.3711388619804856e-8 8.326673267041354e-16
vn 0.999999999999999 -4.3711388619804856e-8 8.326673267041354e-16
vn 0.999999999999999 -4.3711388619804856e-8 8.326673267041354e-16
vn 0.999999999999999 -4.3711388619804856e-8 8.326673267041354e-16
vn 0.999999999999999 -4.3711388619804856e-8 8.326673267041354e-16
vn 0.999999999999999 -4.3711388619804856e-8 8.326673267041354e-16
vn 0.999999999999999 -4.3711388619804856e-8 8.326673267041354e-16
vn 0.999999999999999 -4.3711388619804856e-8 8.326673267041354e-16
vn 0.999999999999999 -4.3711388619804856e-8 8.326673267041354e-16
vn 0.999999999999999 -4.3711388619804856e-8 8.326673267041354e-16
vn 0.999999999999999 -4.3711388619804856e-8 8.326673267041354e-16
vn 0.999999999999999 -4.3711388619804856e-8 8.326673267041354e-16
vn 0.999999999999999 -4.3711388619804856e-8 8.326673267041354e-16
vn 0.999999999999999 -4.3711388619804856e-8 8.326673267041354e-16
vn 0.999999999999999 -4.3711388619804856e-8 8.326673267041354e-16
vn 0.999999999999999 -4.3711388619804856e-8 8.326673267041354e-16
vn 0.999999999999999 -4.3711388619804856e-8 8.326673267041354e-16
vn 0.999999999999999 -4.3711388619804856e-8 8.326673267041354e-16
vn 0.999999999999999 -4.3711388619804856e-8 8.326673267041354e-16
vn 0.999999999999999 -4.3711388619804856e-8 8.326673267041354e-16
vn 0.999999999999999 -4.3711388619804856e-8 8.326673267041354e-16
vn 0.999999999999999 -4.3711388619804856e-8 8.326673267041354e-16
vn 0.999999999999999 -4.3711388619804856e-8 8.326673267041354e-16
vn 0.999999999999999 -4.3711388619804856e-8 8.326673267041354e-16
vn 0.999999999999999 -4.3711388619804856e-8 8.326673267041354e-16
vn 0.999999999999999 -4.3711388619804856e-8 8.326673267041354e-16
vn 0.999999999999999 -4.3711388619804856e-8 8.326673267041354e-16
vn 0.999999999999999 -4.3711388619804856e-8 8.326673267041354e-16
vn 0.999999999999999 -4.3711388619804856e-8 8.326673267041354e-16
vn 0.999999999999999 -4.3711388619804856e-8 8.326673267041354e-16
vn 0.999999999999999 -4.3711388619804856e-8 8.326673267041354e-16
vn 0.999999999999999 -4.3711388619804856e-8 8.326673267041354e-16
vn 0.999999999999999 -4.3711388619804856e-8 8.326673267041354e-16
vn 0.999999999999999 -4.3711388619804856e-8 8.326673267041354e-16
vn 0.999999999999999 -4.3711388619804856e-8 8.326673267041354e-16
vn 0.999999999999999 -4.3711388619804856e-8 8.326673267041354e-16
vn 0.999999999999999 -4.3711388619804856e-8 8.326673267041354e-16
vn 0.999999999999999 -4.3711388619804856e-8 8.326673267041354e-16
vn 0.999999999999999 -4.3711388619804856e-8 8.326673267041354e-16
vn 0.999999999999999 -4.3711388619804856e-8 8.326673267041354e-16
vn 0.999999999999999 -4.3711388619804856e-8 8.326673267041354e-16
vn 0.999999999999999 -4.3711388619804856e-8 8.326673267041354e-16
vn 0.999999999999999 -4.3711388619804856e-8 8.326673267041354e-16
vn 0.999999999999999 -4.3711388619804856e-8 8.326673267041354e-16
vn 0.999999999999999 -4.3711388619804856e-8 8.326673267041354e-16
vn 0.999999999999999 -4.3711388619804856e-8 8.326673267041354e-16
vn 0.999999999999999 -4.3711388619804856e-8 8.326673267041354e-16
vn 0.999999999999999 -4.3711388619804856e-8 8.326673267041354e-16
vn 0.999999999999999 -4.3711388619804856e-8 8.326673267041354e-16
vn 0.999999999999999 -4.3711388619804856e-8 8.326673267041354e-16
vn 0.999999999999999 -4.3711388619804856e-8 8.326673267041354e-16
vn 0.999999999999999 -4.3711388619804856e-8 8.326673267041354e-16
vn 0.999999999999999 -4.3711388619804856e-8 8.326673267041354e-16
vn 0.999999999999999 -4.3711388619804856e-8 8.326673267041354e-16
vn 0.999999999999999 -4.3711388619804856e-8 8.326673267041354e-16
vn 0.999999999999999 -4.3711388619804856e-8 8.326673267041354e-16
vn 0.999999999999999 -4.3711388619804856e-8 8.326673267041354e-16
vn 0.999999999999999 -4.3711388619804856e-8 8.326673267041354e-16
vn 0.999999999999999 -4.3711388619804856e-8 8.326673267041354e-16
vn 0.999999999999999 -4.3711388619804856e-8 8.326673267041354e-16
vn 0.999999999999999 -4.3711388619804856e-8 8.326673267041354e-16
vn 0.999999999999999 -4.3711388619804856e-8 8.326673267041354e-16
vn 0.999999999999999 -4.3711388619804856e-8 8.326673267041354e-16
vn 0.999999999999999 -4.3711388619804856e-8 8.326673267041354e-16
vn 0.999999999999999 -4.3711388619804856e-8 8.326673267041354e-16
vn 0.999999999999999 -4.3711388619804856e-8 8.326673267041354e-16
vn 0.999999999999999 -4.3711388619804856e-8 8.326673267041354e-16
vn 0.999999999999999 -4.3711388619804856e-8 8.326673267041354e-16
vn 0.999999999999999 -4.3711388619804856e-8 8.326673267041354e-16
vn 0.999999999999999 -4.3711388619804856e-8 8.326673267041354e-16
vn 0.999999999999999 -4.3711388619804856e-8 8.326673267041354e-16
vn 0.999999999999999 -4.3711388619804856e-8 8.326673267041354e-16
vn 0.999999999999999 -4.3711388619804856e-8 8.326673267041354e-16
vn 0.999999999999999 -4.3711388619804856e-8 8.326673267041354e-16
vn 0.999999999999999 -4.3711388619804856e-8 8.326673267041354e-16
vn 0.999999999999999 -4.3711388619804856e-8 8.326673267041354e-16
vn 0.999999999999999 -4.3711388619804856e-8 8.326673267041354e-16
vn 0.999999999999999 -4.3711388619804856e-8 8.326673267041354e-16
vn 0.999999999999999 -4.3711388619804856e-8 8.326673267041354e-16
vn 0.999999999999999 -4.3711388619804856e-8 8.326673267041354e-16
vn 0.999999999999999 -4.3711388619804856e-8 8.326673267041354e-16
vn 0.999999999999999 -4.3711388619804856e-8 8.326673267041354e-16
vn 0.999999999999999 -4.3711388619804856e-8 8.326673267041354e-16
vn 0.999999999999999 -4.3711388619804856e-8 8.326673267041354e-16
vn 0.999999999999999 -4.3711388619804856e-8 8.326673267041354e-16
vn 0.999999999999999 -4.3711388619804856e-8 8.326673267041354e-16
vn 0.999999999999999 -4.3711388619804856e-8 8.326673267041354e-16
vn 0.999999999999999 -4.3711388619804856e-8 8.326673267041354e-16
vn 0.999999999999999 -4.3711388619804856e-8 8.326673267041354e-16
vn 0.999999999999999 -4.3711388619804856e-8 8.326673267041354e-16
vn 0.999999999999999 -4.3711388619804856e-8 8.326673267041354e-16
vn 0.999999999999999 -4.3711388619804856e-8 8.326673267041354e-16
vn 0.999999999999999 -4.3711388619804856e-8 8.326673267041354e-16
vn 0.999999999999999 -4.3711388619804856e-8 8.326673267041354e-16
vn 0.999999999999999 -4.3711388619804856e-8 8.326673267041354e-16
vn 0.999999999999999 -4.3711388619804856e-8 8.326673267041354e-16
vn 0.999999999999999 -4.3711388619804856e-8 8.326673267041354e-16
vn 0.999999999999999 -4.3711388619804856e-8 8.326673267041354e-16
vn 0.999999999999999 -4.3711388619804856e-8 8.326673267041354e-16
vn 0.999999999999999 -4.3711388619804856e-8 8.326673267041354e-16
vn 0.999999999999999 -4.3711388619804856e-8 8.326673267041354e-16
vn 0.999999999999999 -4.3711388619804856e-8 8.326673267041354e-16
vn 0.999999999999999 -4.3711388619804856e-8 8.326673267041354e-16
vn 0.999999999999999 -4.3711388619804856e-8 8.326673267041354e-16
vn 0.999999999999999 -4.3711388619804856e-8 8.326673267041354e-16
vn 0.999999999999999 -4.3711388619804856e-8 8.326673267041354e-16
vn 0.999999999999999 -4.3711388619804856e-8 8.326673267041354e-16
vn 0.999999999999999 -4.3711388619804856e-8 8.326673267041354e-16
vn 0.999999999999999 -4.3711388619804856e-8 8.326673267041354e-16
vn 0.999999999999999 -4.3711388619804856e-8 8.326673267041354e-16
vn 0.999999999999999 -4.3711388619804856e-8 8.326673267041354e-16
vn 0.999999999999999 -4.3711388619804856e-8 8.326673267041354e-16
vn 0.999999999999999 -4.3711388619804856e-8 8.326673267041354e-16
vn 0.999999999999999 -4.3711388619804856e-8 8.326673267041354e-16
vn 0.999999999999999 -4.3711388619804856e-8 8.326673267041354e-16
vn 0.999999999999999 -4.3711388619804856e-8 8.326673267041354e-16
vn 0.999999999999999 -4.3711388619804856e-8 8.326673267041354e-16
vn 0.999999999999999 -4.3711388619804856e-8 8.326673267041354e-16
vn 0.999999999999999 -4.3711388619804856e-8 8.326673267041354e-16
vn 0.999999999999999 -4.3711388619804856e-8 8.326673267041354e-16
vn 0.999999999999999 -4.3711388619804856e-8 8.326673267041354e-16
vn 0.999999999999999 -4.3711388619804856e-8 8.326673267041354e-16
vn 0.999999999999999 -4.3711388619804856e-8 8.326673267041354e-16
vn 0.999999999999999 -4.3711388619804856e-8 8.326673267041354e-16
vn 0.999999999999999 -4.3711388619804856e-8 8.326673267041354e-16
vn 0.999999999999999 -4.3711388619804856e-8 8.326673267041354e-16
vn 0.999999999999999 -4.3711388619804856e-8 8.326673267041354e-16
vn 0.999999999999999 -4.3711388619804856e-8 8.326673267041354e-16
vn 0.999999999999999 -4.3711388619804856e-8 8.326673267041354e-16
vn 0.999999999999999 -4.3711388619804856e-8 8.326673267041354e-16
vn 0.999999999999999 -4.3711388619804856e-8 8.326673267041354e-16
vn 0.999999999999999 -4.3711388619804856e-8 8.326673267041354e-16
vn 0.999999999999999 -4.3711388619804856e-8 8.326673267041354e-16
vn 0.999999999999999 -4.3711388619804856e-8 8.326673267041354e-16
vn 0.999999999999999 -4.3711388619804856e-8 8.326673267041354e-16
vn 0.999999999999999 -4.3711388619804856e-8 8.326673267041354e-16
vn 0.999999999999999 -4.3711388619804856e-8 8.326673267041354e-16
vn 0.999999999999999 -4.3711388619804856e-8 8.326673267041354e-16
vn 0.999999999999999 -4.3711388619804856e-8 8.326673267041354e-16
vn 0.999999999999999 -4.3711388619804856e-8 8.326673267041354e-16
vn 0.999999999999999 -4.3711388619804856e-8 8.326673267041354e-16
vn 0.999999999999999 -4.3711388619804856e-8 8.326673267041354e-16
vn 0.999999999999999 -4.3711388619804856e-8 8.326673267041354e-16
vn 0.999999999999999 -4.3711388619804856e-8 8.326673267041354e-16
vn 0.999999999999999 -4.3711388619804856e-8 8.326673267041354e-16
vn 0.999999999999999 -4.3711388619804856e-8 8.326673267041354e-16
vn 0.999999999999999 -4.3711388619804856e-8 8.326673267041354e-16
vn 0.999999999999999 -4.3711388619804856e-8 8.326673267041354e-16
vn 0.999999999999999 -4.3711388619804856e-8 8.326673267041354e-16
vn 0.999999999999999 -4.3711388619804856e-8 8.326673267041354e-16
vn 0.999999999999999 -4.3711388619804856e-8 8.326673267041354e-16
vn 0.999999999999999 -4.3711388619804856e-8 8.326673267041354e-16
vn 0.999999999999999 -4.3711388619804856e-8 8.326673267041354e-16
vn 0.999999999999999 -4.3711388619804856e-8 8.326673267041354e-16
vn 0.999999999999999 -4.3711388619804856e-8 8.326673267041354e-16
vn 0.999999999999999 -4.3711388619804856e-8 8.326673267041354e-16
vn 0.999999999999999 -4.3711388619804856e-8 8.326673267041354e-16
vn 0.999999999999999 -4.3711388619804856e-8 8.326673267041354e-16
vn 0.999999999999999 -4.3711388619804856e-8 8.326673267041354e-16
vn 0.999999999999999 -4.3711388619804856e-8 8.326673267041354e-16
vn 0.999999999999999 -4.3711388619804856e-8 8.326673267041354e-16
vn 0.999999999999999 -4.3711388619804856e-8 8.326673267041354e-16
vn 0.999999999999999 -4.3711388619804856e-8 8.326673267041354e-16
vn 0.999999999999999 -4.3711388619804856e-8 8.326673267041354e-16
vn 0.999999999999999 -4.3711388619804856e-8 8.326673267041354e-16
vn 0.999999999999999 -4.3711388619804856e-8 8.326673267041354e-16
vn 0.999999999999999 -4.3711388619804856e-8 8.326673267041354e-16
vn 0.999999999999999 -4.3711388619804856e-8 8.326673267041354e-16
vn 0.999999999999999 -4.3711388619804856e-8 8.326673267041354e-16
vn 0.999999999999999 -4.3711388619804856e-8 8.326673267041354e-16
vn 0.999999999999999 -4.3711388619804856e-8 8.326673267041354e-16
vn 0.999999999999999 -4.3711388619804856e-8 8.326673267041354e-16
vn 0.999999999999999 -4.3711388619804856e-8 8.326673267041354e-16
vn 0.999999999999999 -4.3711388619804856e-8 8.326673267041354e-16
vn 0.999999999999999 -4.3711388619804856e-8 8.326673267041354e-16
vn 0.999999999999999 -4.3711388619804856e-8 8.326673267041354e-16
vn 0.999999999999999 -4.3711388619804856e-8 8.326673267041354e-16
vn 0.999999999999999 -4.3711388619804856e-8 8.326673267041354e-16
vn 0.999999999999999 -4.3711388619804856e-8 8.326673267041354e-16
vn 0.999999999999999 -4.3711388619804856e-8 8.326673267041354e-16
vn 0.999999999999999 -4.3711388619804856e-8 8.326673267041354e-16
vn 0.999999999999999 -4.3711388619804856e-8 8.326673267041354e-16
vn 0.999999999999999 -4.3711388619804856e-8 8.326673267041354e-16
vn 0.999999999999999 -4.3711388619804856e-8 8.326673267041354e-16
vn 0.999999999999999 -4.3711388619804856e-8 8.326673267041354e-16
vn 0.999999999999999 -4.3711388619804856e-8 8.326673267041354e-16
vn 0.999999999999999 -4.3711388619804856e-8 8.326673267041354e-16
vn 0.999999999999999 -4.3711388619804856e-8 8.326673267041354e-16
vn 0.999999999999999 -4.3711388619804856e-8 8.326673267041354e-16
vn 0.999999999999999 -4.3711388619804856e-8 8.326673267041354e-16
vn 0.999999999999999 -4.3711388619804856e-8 8.326673267041354e-16
vn 0.999999999999999 -4.3711388619804856e-8 8.326673267041354e-16
vn 0.999999999999999 -4.3711388619804856e-8 8.326673267041354e-16
vn 0.999999999999999 -4.3711388619804856e-8 8.326673267041354e-16
vn 0.999999999999999 -4.3711388619804856e-8 8.326673267041354e-16
vn 0.999999999999999 -4.3711388619804856e-8 8.326673267041354e-16
vn 0.999999999999999 -4.3711388619804856e-8 8.326673267041354e-16
vn 0.999999999999999 -4.3711388619804856e-8 8.326673267041354e-16
vn 0.999999999999999 -4.3711388619804856e-8 8.326673267041354e-16
vn 0.999999999999999 -4.3711388619804856e-8 8.326673267041354e-16
vn 0.999999999999999 -4.3711388619804856e-8 8.326673267041354e-16
vn 0.999999999999999 -4.3711388619804856e-8 8.326673267041354e-16
vn 0.999999999999999 -4.3711388619804856e-8 8.326673267041354e-16
vn 0.999999999999999 -4.3711388619804856e-8 8.326673267041354e-16
vn 0.999999999999999 -4.3711388619804856e-8 8.326673267041354e-16
vn 0.999999999999999 -4.3711388619804856e-8 8.326673267041354e-16
vn 0.999999999999999 -4.3711388619804856e-8 8.326673267041354e-16
vn 0.999999999999999 -4.3711388619804856e-8 8.326673267041354e-16
vn 0.999999999999999 -4.3711388619804856e-8 8.326673267041354e-16
vn 0.999999999999999 -4.3711388619804856e-8 8.326673267041354e-16
vn 0.999999999999999 -4.3711388619804856e-8 8.326673267041354e-16
vn 0.999999999999999 -4.3711388619804856e-8 8.326673267041354e-16
vn 0.999999999999999 -4.3711388619804856e-8 8.326673267041354e-16
vn 0.999999999999999 -4.3711388619804856e-8 8.326673267041354e-16
vn 0.999999999999999 -4.3711388619804856e-8 8.326673267041354e-16
vn 0.999999999999999 -4.3711388619804856e-8 8.326673267041354e-16
vn 0.999999999999999 -4.3711388619804856e-8 8.326673267041354e-16
vn 0.999999999999999 -4.3711388619804856e-8 8.326673267041354e-16
vn 0.999999999999999 -4.3711388619804856e-8 8.326673267041354e-16
vn 0.999999999999999 -4.3711388619804856e-8 8.326673267041354e-16
vn 0.999999999999999 -4.3711388619804856e-8 8.326673267041354e-16
vn 0.999999999999999 -4.3711388619804856e-8 8.326673267041354e-16
vn 0.999999999999999 -4.3711388619804856e-8 8.326673267041354e-16
vn 0.999999999999999 -4.3711388619804856e-8 8.326673267041354e-16
vn 0.999999999999999 -4.3711388619804856e-8 8.326673267041354e-16
vn 0.999999999999999 -4.3711388619804856e-8 8.326673267041354e-16
vn 0.999999999999999 -4.3711388619804856e-8 8.326673267041354e-16
vn 0.999999999999999 -4.3711388619804856e-8 8.326673267041354e-16
vn 0.999999999999999 -4.3711388619804856e-8 8.326673267041354e-16
vn 0.999999999999999 -4.3711388619804856e-8 8.326673267041354e-16
vn 0.999999999999999 -4.3711388619804856e-8 8.326673267041354e-16
vn 0.999999999999999 -4.3711388619804856e-8 8.326673267041354e-16
vn 0.999999999999999 -4.3711388619804856e-8 8.326673267041354e-16
vn 0.999999999999999 -4.3711388619804856e-8 8.326673267041354e-16
vn 0.999999999999999 -4.3711388619804856e-8 8.326673267041354e-16
vn 0.999999999999999 -4.3711388619804856e-8 8.326673267041354e-16
vn 0.999999999999999 -4.3711388619804856e-8 8.326673267041354e-16
vn 0.999999999999999 -4.3711388619804856e-8 8.326673267041354e-16
vn 0.999999999999999 -4.3711388619804856e-8 8.326673267041354e-16
vn 0.999999999999999 -4.3711388619804856e-8 8.326673267041354e-16
vn 0.999999999999999 -4.3711388619804856e-8 8.326673267041354e-16
vn 0.999999999999999 -4.3711388619804856e-8 8.326673267041354e-16
vn 0.999999999999999 -4.3711388619804856e-8 8.326673267041354e-16
vn 0.999999999999999 -4.3711388619804856e-8 8.326673267041354e-16
vn 0.999999999999999 -4.3711388619804856e-8 8.326673267041354e-16
vn 0.999999999999999 -4.3711388619804856e-8 8.326673267041354e-16
vn 0.999999999999999 -4.3711388619804856e-8 8.326673267041354e-16
vn 0.999999999999999 -4.3711388619804856e-8 8.326673267041354e-16
vn 0.999999999999999 -4.3711388619804856e-8 8.326673267041354e-16
vn 0.999999999999999 -4.3711388619804856e-8 8.326673267041354e-16
vn 0.999999999999999 -4.3711388619804856e-8 8.326673267041354e-16
vn 0.999999999999999 -4.3711388619804856e-8 8.326673267041354e-16
vn 0.999999999999999 -4.3711388619804856e-8 8.326673267041354e-16
vn 0.999999999999999 -4.3711388619804856e-8 8.326673267041354e-16
vn 0.999999999999999 -4.3711388619804856e-8 8.326673267041354e-16
vn 0.999999999999999 -4.3711388619804856e-8 8.326673267041354e-16
vn 0.999999999999999 -4.3711388619804856e-8 8.326673267041354e-16
vn 0.999999999999999 -4.3711388619804856e-8 8.326673267041354e-16
vn 0.999999999999999 -4.3711388619804856e-8 8.326673267041354e-16
vn 0.999999999999999 -4.3711388619804856e-8 8.326673267041354e-16
vn 0.999999999999999 -4.3711388619804856e-8 8.326673267041354e-16
vn 0.999999999999999 -4.3711388619804856e-8 8.326673267041354e-16
vn 0.999999999999999 -4.3711388619804856e-8 8.326673267041354e-16
vn 0.999999999999999 -4.3711388619804856e-8 8.326673267041354e-16
vn 0.999999999999999 -4.3711388619804856e-8 8.326673267041354e-16
vn 0.999999999999999 -4.3711388619804856e-8 8.326673267041354e-16
vn 0.999999999999999 -4.3711388619804856e-8 8.326673267041354e-16
vn 0.999999999999999 -4.3711388619804856e-8 8.326673267041354e-16
vn 0.999999999999999 -4.3711388619804856e-8 8.326673267041354e-16
vn 0.999999999999999 -4.3711388619804856e-8 8.326673267041354e-16
vn 0.999999999999999 -4.3711388619804856e-8 8.326673267041354e-16
vn 0.999999999999999 -4.3711388619804856e-8 8.326673267041354e-16
vn 0.999999999999999 -4.3711388619804856e-8 8.326673267041354e-16
vn 0.999999999999999 -4.3711388619804856e-8 8.326673267041354e-16
vn 0.999999999999999 -4.3711388619804856e-8 8.326673267041354e-16
vn 0.999999999999999 -4.3711388619804856e-8 8.326673267041354e-16
vn 0.999999999999999 -4.3711388619804856e-8 8.326673267041354e-16
vn 0.999999999999999 -4.3711388619804856e-8 8.326673267041354e-16
vn 0.999999999999999 -4.3711388619804856e-8 8.326673267041354e-16
vn 0.999999999999999 -4.3711388619804856e-8 8.326673267041354e-16
vn 0.999999999999999 -4.3711388619804856e-8 8.326673267041354e-16
vn 0.999999999999999 -4.3711388619804856e-8 8.326673267041354e-16
vn 0.999999999999999 -4.3711388619804856e-8 8.326673267041354e-16
vn 0.999999999999999 -4.3711388619804856e-8 8.326673267041354e-16
vn 0.999999999999999 -4.3711388619804856e-8 8.326673267041354e-16
vn 0.999999999999999 -4.3711388619804856e-8 8.326673267041354e-16
vn 0.999999999999999 -4.3711388619804856e-8 8.326673267041354e-16
vn 0.999999999999999 -4.3711388619804856e-8 8.326673267041354e-16
vn 0.999999999999999 -4.3711388619804856e-8 8.326673267041354e-16
vn 0.999999999999999 -4.3711388619804856e-8 8.326673267041354e-16
vn 0.999999999999999 -4.3711388619804856e-8 8.326673267041354e-16
vn 0.999999999999999 -4.3711388619804856e-8 8.326673267041354e-16
vn 0.999999999999999 -4.3711388619804856e-8 8.326673267041354e-16
vn 0.999999999999999 -4.3711388619804856e-8 8.326673267041354e-16
vn 0.999999999999999 -4.3711388619804856e-8 8.326673267041354e-16
vn 0.999999999999999 -4.3711388619804856e-8 8.326673267041354e-16
vn 0.999999999999999 -4.3711388619804856e-8 8.326673267041354e-16
vn 0.999999999999999 -4.3711388619804856e-8 8.326673267041354e-16
vn 0.999999999999999 -4.3711388619804856e-8 8.326673267041354e-16
vn 0.999999999999999 -4.3711388619804856e-8 8.326673267041354e-16
vn 0.999999999999999 -4.3711388619804856e-8 8.326673267041354e-16
vn 0.999999999999999 -4.3711388619804856e-8 8.326673267041354e-16
vn 0.999999999999999 -4.3711388619804856e-8 8.326673267041354e-16
vn 0.999999999999999 -4.3711388619804856e-8 8.326673267041354e-16
vn 0.999999999999999 -4.3711388619804856e-8 8.326673267041354e-16
vn 0.999999999999999 -4.3711388619804856e-8 8.326673267041354e-16
vn 0.999999999999999 -4.3711388619804856e-8 8.326673267041354e-16
vn 0.999999999999999 -4.3711388619804856e-8 8.326673267041354e-16
vn 0.999999999999999 -4.3711388619804856e-8 8.326673267041354e-16
vn 0.999999999999999 -4.3711388619804856e-8 8.326673267041354e-16
vn 0.999999999999999 -4.3711388619804856e-8 8.326673267041354e-16
vn 0.999999999999999 -4.3711388619804856e-8 8.326673267041354e-16
vn 0.999999999999999 -4.3711388619804856e-8 8.326673267041354e-16
vn 0.999999999999999 -4.3711388619804856e-8 8.326673267041354e-16
vn 0.999999999999999 -4.3711388619804856e-8 8.326673267041354e-16
vn 0.999999999999999 -4.3711388619804856e-8 8.326673267041354e-16
vn 0.999999999999999 -4.3711388619804856e-8 8.326673267041354e-16
vn 0.999999999999999 -4.3711388619804856e-8 8.326673267041354e-16
vn 0.999999999999999 -4.3711388619804856e-8 8.326673267041354e-16
vn 0.999999999999999 -4.3711388619804856e-8 8.326673267041354e-16
vn 0.999999999999999 -4.3711388619804856e-8 8.326673267041354e-16
vn 0.999999999999999 -4.3711388619804856e-8 8.326673267041354e-16
vn 0.999999999999999 -4.3711388619804856e-8 8.326673267041354e-16
vn 0.999999999999999 -4.3711388619804856e-8 8.326673267041354e-16
vn 0.999999999999999 -4.3711388619804856e-8 8.326673267041354e-16
vn 0.999999999999999 -4.3711388619804856e-8 8.326673267041354e-16
vn 0.999999999999999 -4.3711388619804856e-8 8.326673267041354e-16
vn 0.999999999999999 -4.3711388619804856e-8 8.326673267041354e-16
vn 0.999999999999999 -4.3711388619804856e-8 8.326673267041354e-16
vn 0.999999999999999 -4.3711388619804856e-8 8.326673267041354e-16
vn 0.999999999999999 -4.3711388619804856e-8 8.326673267041354e-16
vn 0.999999999999999 -4.3711388619804856e-8 8.326673267041354e-16
vn 0.999999999999999 -4.3711388619804856e-8 8.326673267041354e-16
vn 0.999999999999999 -4.3711388619804856e-8 8.326673267041354e-16
vn 0.999999999999999 -4.3711388619804856e-8 8.326673267041354e-16
vn 0.999999999999999 -4.3711388619804856e-8 8.326673267041354e-16
vn 0.999999999999999 -4.3711388619804856e-8 8.326673267041354e-16
vn 0.999999999999999 -4.3711388619804856e-8 8.326673267041354e-16
vn 0.999999999999999 -4.3711388619804856e-8 8.326673267041354e-16
vn 0.999999999999999 -4.3711388619804856e-8 8.326673267041354e-16
vn 0.999999999999999 -4.3711388619804856e-8 8.326673267041354e-16
vn 0.999999999999999 -4.3711388619804856e-8 8.326673267041354e-16
vn 0.999999999999999 -4.3711388619804856e-8 8.326673267041354e-16
vn 0.999999999999999 -4.3711388619804856e-8 8.326673267041354e-16
vn 0.999999999999999 -4.3711388619804856e-8 8.326673267041354e-16
vn 0.999999999999999 -4.3711388619804856e-8 8.326673267041354e-16
vn 0.999999999999999 -4.3711388619804856e-8 8.326673267041354e-16
vn 0.999999999999999 -4.3711388619804856e-8 8.326673267041354e-16
vn 0.999999999999999 -4.3711388619804856e-8 8.326673267041354e-16
vn 0.999999999999999 -4.3711388619804856e-8 8.326673267041354e-16
vn 0.999999999999999 -4.3711388619804856e-8 8.326673267041354e-16
vn 0.999999999999999 -4.3711388619804856e-8 8.326673267041354e-16
vn 0.999999999999999 -4.3711388619804856e-8 8.326673267041354e-16
vn 0.999999999999999 -4.3711388619804856e-8 8.326673267041354e-16
vn 0.999999999999999 -4.3711388619804856e-8 8.326673267041354e-16
vn 0.999999999999999 -4.3711388619804856e-8 8.326673267041354e-16
vn 0.999999999999999 -4.3711388619804856e-8 8.326673267041354e-16
vn 0.999999999999999 -4.3711388619804856e-8 8.326673267041354e-16
vn 0.999999999999999 -4.3711388619804856e-8 8.326673267041354e-16
vn 0.999999999999999 -4.3711388619804856e-8 8.326673267041354e-16
vn 0.999999999999999 -4.3711388619804856e-8 8.326673267041354e-16
vn 0.999999999999999 -4.3711388619804856e-8 8.326673267041354e-16
vn 0.999999999999999 -4.3711388619804856e-8 8.326673267041354e-16
vn 0.999999999999999 -4.3711388619804856e-8 8.326673267041354e-16
vn 0.999999999999999 -4.3711388619804856e-8 8.326673267041354e-16
vn 0.999999999999999 -4.3711388619804856e-8 8.326673267041354e-16
vn 0.999999999999999 -4.3711388619804856e-8 8.326673267041354e-16
vn 0.999999999999999 -4.3711388619804856e-8 8.326673267041354e-16
vn 0.999999999999999 -4.3711388619804856e-8 8.326673267041354e-16
vn 0.999999999999999 -4.3711388619804856e-8 8.326673267041354e-16
vn 0.999999999999999 -4.3711388619804856e-8 8.326673267041354e-16
vn 0.999999999999999 -4.3711388619804856e-8 8.326673267041354e-16
vn 0.999999999999999 -4.3711388619804856e-8 8.326673267041354e-16
vn 0.999999999999999 -4.3711388619804856e-8 8.326673267041354e-16
vn 0.999999999999999 -4.3711388619804856e-8 8.326673267041354e-16
vn 0.999999999999999 -4.3711388619804856e-8 8.326673267041354e-16
vn 0.999999999999999 -4.3711388619804856e-8 8.326673267041354e-16
vn 0.999999999999999 -4.3711388619804856e-8 8.326673267041354e-16
vn 0.999999999999999 -4.3711388619804856e-8 8.326673267041354e-16
vn 0.999999999999999 -4.3711388619804856e-8 8.326673267041354e-16
vn 0.999999999999999 -4.3711388619804856e-8 8.326673267041354e-16
vn 0.999999999999999 -4.3711388619804856e-8 8.326673267041354e-16
vn 0.999999999999999 -4.3711388619804856e-8 8.326673267041354e-16
vn 0.999999999999999 -4.3711388619804856e-8 8.326673267041354e-16
vn 0.999999999999999 -4.3711388619804856e-8 8.326673267041354e-16
vn 0.999999999999999 -4.3711388619804856e-8 8.326673267041354e-16
vn 0.999999999999999 -4.3711388619804856e-8 8.326673267041354e-16
vn 0.999999999999999 -4.3711388619804856e-8 8.326673267041354e-16
vn 0.999999999999999 -4.3711388619804856e-8 8.326673267041354e-16
vn 0.999999999999999 -4.3711388619804856e-8 8.326673267041354e-16
vn 0.999999999999999 -4.3711388619804856e-8 8.326673267041354e-16
vn 0.999999999999999 -4.3711388619804856e-8 8.326673267041354e-16
vn 0.999999999999999 -4.3711388619804856e-8 8.326673267041354e-16
vn 0.999999999999999 -4.3711388619804856e-8 8.326673267041354e-16
vn 0.999999999999999 -4.3711388619804856e-8 8.326673267041354e-16
vn 0.999999999999999 -4.3711388619804856e-8 8.326673267041354e-16
vn 0.999999999999999 -4.3711388619804856e-8 8.326673267041354e-16
vn 0.999999999999999 -4.3711388619804856e-8 8.326673267041354e-16
vn 0.999999999999999 -4.3711388619804856e-8 8.326673267041354e-16
vn 0.999999999999999 -4.3711388619804856e-8 8.326673267041354e-16
vn 0.999999999999999 -4.3711388619804856e-8 8.326673267041354e-16
vn 0.999999999999999 -4.3711388619804856e-8 8.326673267041354e-16
vn 0.999999999999999 -4.3711388619804856e-8 8.326673267041354e-16
vn 0.999999999999999 -4.3711388619804856e-8 8.326673267041354e-16
vn 0.999999999999999 -4.3711388619804856e-8 8.326673267041354e-16
vn 0.999999999999999 -4.3711388619804856e-8 8.326673267041354e-16
vn 0.999999999999999 -4.3711388619804856e-8 8.326673267041354e-16
vn 0.999999999999999 -4.3711388619804856e-8 8.326673267041354e-16
vn 0.999999999999999 -4.3711388619804856e-8 8.326673267041354e-16
vn 0.999999999999999 -4.3711388619804856e-8 8.326673267041354e-16
vn 0.999999999999999 -4.3711388619804856e-8 8.326673267041354e-16
vn 0.999999999999999 -4.3711388619804856e-8 8.326673267041354e-16
vn 0.999999999999999 -4.3711388619804856e-8 8.326673267041354e-16
vn 0.999999999999999 -4.3711388619804856e-8 8.326673267041354e-16
vn 0.999999999999999 -4.3711388619804856e-8 8.326673267041354e-16
vn 0.999999999999999 -4.3711388619804856e-8 8.326673267041354e-16
vn 0.999999999999999 -4.3711388619804856e-8 8.326673267041354e-16
vn 0.999999999999999 -4.3711388619804856e-8 8.326673267041354e-16
vn 0.999999999999999 -4.3711388619804856e-8 8.326673267041354e-16
vn 0.999999999999999 -4.3711388619804856e-8 8.326673267041354e-16
vn 0.999999999999999 -4.3711388619804856e-8 8.326673267041354e-16
vn 0.999999999999999 -4.3711388619804856e-8 8.326673267041354e-16
vn 0.999999999999999 -4.3711388619804856e-8 8.326673267041354e-16
vn 0.999999999999999 -4.3711388619804856e-8 8.326673267041354e-16
vn 0.999999999999999 -4.3711388619804856e-8 8.326673267041354e-16
vn 0.999999999999999 -4.3711388619804856e-8 8.326673267041354e-16
vn 0.999999999999999 -4.3711388619804856e-8 8.326673267041354e-16
vn 0.999999999999999 -4.3711388619804856e-8 8.326673267041354e-16
vn 0.999999999999999 -4.3711388619804856e-8 8.326673267041354e-16
vn 0.999999999999999 -4.3711388619804856e-8 8.326673267041354e-16
vn 0.999999999999999 -4.3711388619804856e-8 8.326673267041354e-16
vn 0.999999999999999 -4.3711388619804856e-8 8.326673267041354e-16
vn 0.999999999999999 -4.3711388619804856e-8 8.326673267041354e-16
vn 0.999999999999999 -4.3711388619804856e-8 8.326673267041354e-16
vn 0.999999999999999 -4.3711388619804856e-8 8.326673267041354e-16
vn 0.999999999999999 -4.3711388619804856e-8 8.326673267041354e-16
vn 0.999999999999999 -4.3711388619804856e-8 8.326673267041354e-16
vn 0.999999999999999 -4.3711388619804856e-8 8.326673267041354e-16
vn 0.999999999999999 -4.3711388619804856e-8 8.326673267041354e-16
vn 0.999999999999999 -4.3711388619804856e-8 8.326673267041354e-16
vn 0.999999999999999 -4.3711388619804856e-8 8.326673267041354e-16
vn 0.999999999999999 -4.3711388619804856e-8 8.326673267041354e-16
vn 0.999999999999999 -4.3711388619804856e-8 8.326673267041354e-16
vn 0.999999999999999 -4.3711388619804856e-8 8.326673267041354e-16
vn 0.999999999999999 -4.3711388619804856e-8 8.326673267041354e-16
vn 0.999999999999999 -4.3711388619804856e-8 8.326673267041354e-16
vn 0.999999999999999 -4.3711388619804856e-8 8.326673267041354e-16
vn 0.999999999999999 -4.3711388619804856e-8 8.326673267041354e-16
vn 0.999999999999999 -4.3711388619804856e-8 8.326673267041354e-16
vn 0.999999999999999 -4.3711388619804856e-8 8.326673267041354e-16
vn 0.999999999999999 -4.3711388619804856e-8 8.326673267041354e-16
vn 0.999999999999999 -4.3711388619804856e-8 8.326673267041354e-16
vn 0.999999999999999 -4.3711388619804856e-8 8.326673267041354e-16
vn 0.999999999999999 -4.3711388619804856e-8 8.326673267041354e-16
vn 0.999999999999999 -4.3711388619804856e-8 8.326673267041354e-16
vn 0.999999999999999 -4.3711388619804856e-8 8.326673267041354e-16
vn 0.999999999999999 -4.3711388619804856e-8 8.326673267041354e-16
vn 0.999999999999999 -4.3711388619804856e-8 8.326673267041354e-16
vn 0.999999999999999 -4.3711388619804856e-8 8.326673267041354e-16
vn 0.999999999999999 -4.3711388619804856e-8 8.326673267041354e-16
vn 0.999999999999999 -4.3711388619804856e-8 8.326673267041354e-16
vn 0.999999999999999 -4.3711388619804856e-8 8.326673267041354e-16
vn 0.999999999999999 -4.3711388619804856e-8 8.326673267041354e-16
vn 0.999999999999999 -4.3711388619804856e-8 8.326673267041354e-16
vn 0.999999999999999 -4.3711388619804856e-8 8.326673267041354e-16
vn 0.999999999999999 -4.3711388619804856e-8 8.326673267041354e-16
vn 0.999999999999999 -4.3711388619804856e-8 8.326673267041354e-16
vn 0.999999999999999 -4.3711388619804856e-8 8.326673267041354e-16
vn 0.999999999999999 -4.3711388619804856e-8 8.326673267041354e-16
vn 0.999999999999999 -4.3711388619804856e-8 8.326673267041354e-16
vn 0.999999999999999 -4.3711388619804856e-8 8.326673267041354e-16
vn 0.999999999999999 -4.3711388619804856e-8 8.326673267041354e-16
vn 0.999999999999999 -4.3711388619804856e-8 8.326673267041354e-16
vn 0.999999999999999 -4.3711388619804856e-8 8.326673267041354e-16
vn 0.999999999999999 -4.3711388619804856e-8 8.326673267041354e-16
vn 0.999999999999999 -4.3711388619804856e-8 8.326673267041354e-16
vn 0.999999999999999 -4.3711388619804856e-8 8.326673267041354e-16
vn 0.999999999999999 -4.3711388619804856e-8 8.326673267041354e-16
vn 0.999999999999999 -4.3711388619804856e-8 8.326673267041354e-16
vn 0.999999999999999 -4.3711388619804856e-8 8.326673267041354e-16
vn 0.999999999999999 -4.3711388619804856e-8 8.326673267041354e-16
vn 0.999999999999999 -4.3711388619804856e-8 8.326673267041354e-16
vn 0.999999999999999 -4.3711388619804856e-8 8.326673267041354e-16
vn 0.999999999999999 -4.3711388619804856e-8 8.326673267041354e-16
vn 0.999999999999999 -4.3711388619804856e-8 8.326673267041354e-16
vn 0.999999999999999 -4.3711388619804856e-8 8.326673267041354e-16
vn 0.999999999999999 -4.3711388619804856e-8 8.326673267041354e-16
vn 0.999999999999999 -4.3711388619804856e-8 8.326673267041354e-16
vn 0.999999999999999 -4.3711388619804856e-8 8.326673267041354e-16
vn 0.999999999999999 -4.3711388619804856e-8 8.326673267041354e-16
vn 0.999999999999999 -4.3711388619804856e-8 8.326673267041354e-16
vn 0.999999999999999 -4.3711388619804856e-8 8.326673267041354e-16
vn 0.999999999999999 -4.3711388619804856e-8 8.326673267041354e-16
vn 0.999999999999999 -4.3711388619804856e-8 8.326673267041354e-16
vn 0.999999999999999 -4.3711388619804856e-8 8.326673267041354e-16
vn 0.999999999999999 -4.3711388619804856e-8 8.326673267041354e-16
vn 0.999999999999999 -4.3711388619804856e-8 8.326673267041354e-16
vn 0.999999999999999 -4.3711388619804856e-8 8.326673267041354e-16
vn 0.999999999999999 -4.3711388619804856e-8 8.326673267041354e-16
vn 0.999999999999999 -4.3711388619804856e-8 8.326673267041354e-16
vn 0.999999999999999 -4.3711388619804856e-8 8.326673267041354e-16
vn 0.999999999999999 -4.3711388619804856e-8 8.326673267041354e-16
vn 0.999999999999999 -4.3711388619804856e-8 8.326673267041354e-16
vn 0.999999999999999 -4.3711388619804856e-8 8.326673267041354e-16
vn 0.999999999999999 -4.3711388619804856e-8 8.326673267041354e-16
vn 0.999999999999999 -4.3711388619804856e-8 8.326673267041354e-16
vn 0.999999999999999 -4.3711388619804856e-8 8.326673267041354e-16
vn 0.999999999999999 -4.3711388619804856e-8 8.326673267041354e-16
vn 0.999999999999999 -4.3711388619804856e-8 8.326673267041354e-16
vn 0.999999999999999 -4.3711388619804856e-8 8.326673267041354e-16
vn 0.999999999999999 -4.3711388619804856e-8 8.326673267041354e-16
vn 0.999999999999999 -4.3711388619804856e-8 8.326673267041354e-16
vn 0.999999999999999 -4.3711388619804856e-8 8.326673267041354e-16
vn 0.999999999999999 -4.3711388619804856e-8 8.326673267041354e-16
vn 0.999999999999999 -4.3711388619804856e-8 8.326673267041354e-16
vn 0.999999999999999 -4.3711388619804856e-8 8.326673267041354e-16
vn 0.999999999999999 -4.3711388619804856e-8 8.326673267041354e-16
vn 0.999999999999999 -4.3711388619804856e-8 8.326673267041354e-16
vn 0.999999999999999 -4.3711388619804856e-8 8.326673267041354e-16
f 1/1/1 2/2/2 3/3/3
f 4/4/4 5/5/5 6/6/6
f 7/7/7 8/8/8 9/9/9
f 10/10/10 11/11/11 12/12/12
f 13/13/13 14/14/14 15/15/15
f 16/16/16 17/17/17 18/18/18
f 19/19/19 20/20/20 21/21/21
f 22/22/22 23/23/23 24/24/24
f 25/25/25 26/26/26 27/27/27
f 28/28/28 29/29/29 30/30/30
f 31/31/31 32/32/32 33/33/33
f 34/34/34 35/35/35 36/36/36
f 37/37/37 38/38/38 39/39/39
f 40/40/40 41/41/41 42/42/42
f 43/43/43 44/44/44 45/45/45
f 46/46/46 47/47/47 48/48/48
f 49/49/49 50/50/50 51/51/51
f 52/52/52 53/53/53 54/54/54
f 55/55/55 56/56/56 57/57/57
f 58/58/58 59/59/59 60/60/60
f 61/61/61 62/62/62 63/63/63
f 64/64/64 65/65/65 66/66/66
f 67/67/67 68/68/68 69/69/69
f 70/70/70 71/71/71 72/72/72
f 73/73/73 74/74/74 75/75/75
f 76/76/76 77/77/77 78/78/78
f 79/79/79 80/80/80 81/81/81
f 82/82/82 83/83/83 84/84/84
f 85/85/85 86/86/86 87/87/87
f 88/88/88 89/89/89 90/90/90
f 91/91/91 92/92/92 93/93/93
f 94/94/94 95/95/95 96/96/96
f 97/97/97 98/98/98 99/99/99
f 100/100/100 101/101/101 102/102/102
f 103/103/103 104/104/104 105/105/105
f 106/106/106 107/107/107 108/108/108
f 109/109/109 110/110/110 111/111/111
f 112/112/112 113/113/113 114/114/114
f 115/115/115 116/116/116 117/117/117
f 118/118/118 119/119/119 120/120/120
f 121/121/121 122/122/122 123/123/123
f 124/124/124 125/125/125 126/126/126
f 127/127/127 128/128/128 129/129/129
f 130/130/130 131/131/131 132/132/132
f 133/133/133 134/134/134 135/135/135
f 136/136/136 137/137/137 138/138/138
f 139/139/139 140/140/140 141/141/141
f 142/142/142 143/143/143 144/144/144
f 145/145/145 146/146/146 147/147/147
f 148/148/148 149/149/149 150/150/150
f 151/151/151 152/152/152 153/153/153
f 154/154/154 155/155/155 156/156/156
f 157/157/157 158/158/158 159/159/159
f 160/160/160 161/161/161 162/162/162
f 163/163/163 164/164/164 165/165/165
f 166/166/166 167/167/167 168/168/168
f 169/169/169 170/170/170 171/171/171
f 172/172/172 173/173/173 174/174/174
f 175/175/175 176/176/176 177/177/177
f 178/178/178 179/179/179 180/180/180
f 181/181/181 182/182/182 183/183/183
f 184/184/184 185/185/185 186/186/186
f 187/187/187 188/188/188 189/189/189
f 190/190/190 191/191/191 192/192/192
f 193/193/193 194/194/194 195/195/195
f 196/196/196 197/197/197 198/198/198
f 199/199/199 200/200/200 201/201/201
f 202/202/202 203/203/203 204/204/204
f 205/205/205 206/206/206 207/207/207
f 208/208/208 209/209/209 210/210/210
f 211/211/211 212/212/212 213/213/213
f 214/214/214 215/215/215 216/216/216
f 217/217/217 218/218/218 219/219/219
f 220/220/220 221/221/221 222/222/222
f 223/223/223 224/224/224 225/225/225
f 226/226/226 227/227/227 228/228/228
f 229/229/229 230/230/230 231/231/231
f 232/232/232 233/233/233 234/234/234
f 235/235/235 236/236/236 237/237/237
f 238/238/238 239/239/239 240/240/240
f 241/241/241 242/242/242 243/243/243
f 244/244/244 245/245/245 246/246/246
f 247/247/247 248/248/248 249/249/249
f 250/250/250 251/251/251 252/252/252
f 253/253/253 254/254/254 255/255/255
f 256/256/256 257/257/257 258/258/258
f 259/259/259 260/260/260 261/261/261
f 262/262/262 263/263/263 264/264/264
f 265/265/265 266/266/266 267/267/267
f 268/268/268 269/269/269 270/270/270
f 271/271/271 272/272/272 273/273/273
f 274/274/274 275/275/275 276/276/276
f 277/277/277 278/278/278 279/279/279
f 280/280/280 281/281/281 282/282/282
f 283/283/283 284/284/284 285/285/285
f 286/286/286 287/287/287 288/288/288
f 289/289/289 290/290/290 291/291/291
f 292/292/292 293/293/293 294/294/294
f 295/295/295 296/296/296 297/297/297
f 298/298/298 299/299/299 300/300/300
f 301/301/301 302/302/302 303/303/303
f 304/304/304 305/305/305 306/306/306
f 307/307/307 308/308/308 309/309/309
f 310/310/310 311/311/311 312/312/312
f 313/313/313 314/314/314 315/315/315
f 316/316/316 317/317/317 318/318/318
f 319/319/319 320/320/320 321/321/321
f 322/322/322 323/323/323 324/324/324
f 325/325/325 326/326/326 327/327/327
f 328/328/328 329/329/329 330/330/330
f 331/331/331 332/332/332 333/333/333
f 334/334/334 335/335/335 336/336/336
f 337/337/337 338/338/338 339/339/339
f 340/340/340 341/341/341 342/342/342
f 343/343/343 344/344/344 345/345/345
f 346/346/346 347/347/347 348/348/348
f 349/349/349 350/350/350 351/351/351
f 352/352/352 353/353/353 354/354/354
f 355/355/355 356/356/356 357/357/357
f 358/358/358 359/359/359 360/360/360
f 361/361/361 362/362/362 363/363/363
f 364/364/364 365/365/365 366/366/366
f 367/367/367 368/368/368 369/369/369
f 370/370/370 371/371/371 372/372/372
f 373/373/373 374/374/374 375/375/375
f 376/376/376 377/377/377 378/378/378
f 379/379/379 380/380/380 381/381/381
f 382/382/382 383/383/383 384/384/384
f 385/385/385 386/386/386 387/387/387
f 388/388/388 389/389/389 390/390/390
f 391/391/391 392/392/392 393/393/393
f 394/394/394 395/395/395 396/396/396
f 397/397/397 398/398/398 399/399/399
f 400/400/400 401/401/401 402/402/402
f 403/403/403 404/404/404 405/405/405
f 406/406/406 407/407/407 408/408/408
f 409/409/409 410/410/410 411/411/411
f 412/412/412 413/413/413 414/414/414
f 415/415/415 416/416/416 417/417/417
f 418/418/418 419/419/419 420/420/420
f 421/421/421 422/422/422 423/423/423
f 424/424/424 425/425/425 426/426/426
f 427/427/427 428/428/428 429/429/429
f 430/430/430 431/431/431 432/432/432
f 433/433/433 434/434/434 435/435/435
f 436/436/436 437/437/437 438/438/438
f 439/439/439 440/440/440 441/441/441
f 442/442/442 443/443/443 444/444/444
f 445/445/445 446/446/446 447/447/447
f 448/448/448 449/449/449 450/450/450
f 451/451/451 452/452/452 453/453/453
f 454/454/454 455/455/455 456/456/456
f 457/457/457 458/458/458 459/459/459
f 460/460/460 461/461/461 462/462/462
f 463/463/463 464/464/464 465/465/465
f 466/466/466 467/467/467 468/468/468
f 469/469/469 470/470/470 471/471/471
f 472/472/472 473/473/473 474/474/474
f 475/475/475 476/476/476 477/477/477
f 478/478/478 479/479/479 480/480/480
f 481/481/481 482/482/482 483/483/483
f 484/484/484 485/485/485 486/486/486
f 487/487/487 488/488/488 489/489/489
f 490/490/490 491/491/491 492/492/492
f 493/493/493 494/494/494 495/495/495
f 496/496/496 497/497/497 498/498/498
f 499/499/499 500/500/500 501/501/501
f 502/502/502 503/503/503 504/504/504
f 505/505/505 506/506/506 507/507/507
f 508/508/508 509/509/509 510/510/510
f 511/511/511 512/512/512 513/513/513
f 514/514/514 515/515/515 516/516/516
f 517/517/517 518/518/518 519/519/519
f 520/520/520 521/521/521 522/522/522
f 523/523/523 524/524/524 525/525/525
f 526/526/526 527/527/527 528/528/528
f 529/529/529 530/530/530 531/531/531
f 532/532/532 533/533/533 534/534/534
f 535/535/535 536/536/536 537/537/537
f 538/538/538 539/539/539 540/540/540
f 541/541/541 542/542/542 543/543/543
f 544/544/544 545/545/545 546/546/546
f 547/547/547 548/548/548 549/549/549
f 550/550/550 551/551/551 552/552/552
f 553/553/553 554/554/554 555/555/555
f 556/556/556 557/557/557 558/558/558
f 559/559/559 560/560/560 561/561/561
f 562/562/562 563/563/563 564/564/564
f 565/565/565 566/566/566 567/567/567
f 568/568/568 569/569/569 570/570/570
f 571/571/571 572/572/572 573/573/573
f 574/574/574 575/575/575 576/576/576
f 577/577/577 578/578/578 579/579/579
f 580/580/580 581/581/581 582/582/582
f 583/583/583 584/584/584 585/585/585
f 586/586/586 587/587/587 588/588/588
f 589/589/589 590/590/590 591/591/591
f 592/592/592 593/593/593 594/594/594
f 595/595/595 596/596/596 597/597/597
f 598/598/598 599/599/599 600/600/600
o Sphere001__0_1
usemtl Scene___Root
v 0 -69.34708876411423 -1.5398146927328822e-14
v -0.000001036751123483664 -65.16494584444081 23.718101335989545
v -8.112070739031651 -65.16494584444081 22.287723549854476
v 0 -69.34708876411423 -1.5398146927328822e-14
v -8.112070739031651 -65.16494584444081 22.287723549854476
v -15.24570194235821 -65.16494584444081 18.169119628784287
v 0 -69.34708876411423 -1.5398146927328822e-14
v -15.24570194235821 -65.16494584444081 18.169119628784287
v -20.540477997329617 -65.16494584444081 11.859051879161129
v 0 -69.34708876411423 -1.5398146927328822e-14
v -20.540477997329617 -65.16494584444081 11.859051879161129
v -23.35776965347395 -65.16494584444081 4.118607857360857
v 0 -69.34708876411423 -1.5398146927328822e-14
v -23.35776965347395 -65.16494584444081 4.118607857360857
v -23.35777207580668 -65.16494584444081 -4.118600893154294
v 0 -69.34708876411423 -1.5398146927328822e-14
v -23.35777207580668 -65.16494584444081 -4.118600893154294
v -20.540480419662345 -65.16494584444081 -11.859045823329339
v 0 -69.34708876411423 -1.5398146927328822e-14
v -20.540480419662345 -65.16494584444081 -11.859045823329339
v -15.245707998190028 -65.16494584444081 -18.16911478411886
v 0 -69.34708876411423 -1.5398146927328822e-14
v -15.245707998190028 -65.16494584444081 -18.16911478411886
v -8.112077400446651 -65.16494584444081 -22.287721127521777
v 0 -69.34708876411423 -1.5398146927328822e-14
v -8.112077400446651 -65.16494584444081 -22.287721127521777
v -0.000011026836389568199 -65.16494584444081 -23.718101335989573
v 0 -69.34708876411423 -1.5398146927328822e-14
v -0.000011026836389568199 -65.16494584444081 -23.718101335989573
v 8.11205681061847 -65.16494584444081 -22.28772839451996
v 0 -69.34708876411423 -1.5398146927328822e-14
v 8.11205681061847 -65.16494584444081 -22.28772839451996
v 15.245691041860937 -65.16494584444081 -18.169129318115225
v 0 -69.34708876411423 -1.5398146927328822e-14
v 15.245691041860937 -65.16494584444081 -18.169129318115225
v 20.540470730331435 -65.16494584444081 -11.859065201991157
v 0 -69.34708876411423 -1.5398146927328822e-14
v 20.540470730331435 -65.16494584444081 -11.859065201991157
v 23.357767231141224 -65.16494584444081 -4.118622391357249
v 0 -69.34708876411423 -1.5398146927328822e-14
v 23.357767231141224 -65.16494584444081 -4.118622391357249
v 23.357774498139406 -65.16494584444081 4.118586056366311
v 0 -69.34708876411423 -1.5398146927328822e-14
v 23.357774498139406 -65.16494584444081 4.118586056366311
v 20.540490108993254 -65.16494584444081 11.85903250049931
v 0 -69.34708876411423 -1.5398146927328822e-14
v 20.540490108993254 -65.16494584444081 11.85903250049931
v 15.2457188986873 -65.16494584444081 18.169105094787923
v 0 -69.34708876411423 -1.5398146927328822e-14
v 15.2457188986873 -65.16494584444081 18.169105094787923
v 8.112091328859833 -65.16494584444081 22.287716282856294
v 0 -69.34708876411423 -1.5398146927328822e-14
v 8.112091328859833 -65.16494584444081 22.287716282856294
v -0.000001036751123483664 -65.16494584444081 23.718101335989545
v -0.000001948454918488231 -53.122953341882756 44.57545194437442
v -8.112070739031651 -65.16494584444081 22.287723549854476
v -0.000001036751123483664 -65.16494584444081 23.718101335989545
v -8.112070739031651 -65.16494584444081 22.287723549854476
v -0.000001948454918488231 -53.122953341882756 44.57545194437442
v -15.245706787023664 -53.122953341882756 41.88722459827294
v -28.652550553110814 -53.122953341882756 34.14677664018198
v -15.24570194235821 -65.16494584444081 18.169119628784287
v -8.112070739031651 -65.16494584444081 22.287723549854476
v -28.652550553110814 -53.122953341882756 34.14677664018198
v -8.112070739031651 -65.16494584444081 22.287723549854476
v -15.245706787023664 -53.122953341882756 41.88722459827294
v -20.540477997329617 -65.16494584444081 11.859051879161129
v -28.652550553110814 -53.122953341882756 34.14677664018198
v -38.60347401816489 -53.122953341882756 22.287728394519934
v -28.652550553110814 -53.122953341882756 34.14677664018198
v -20.540477997329617 -65.16494584444081 11.859051879161129
v -15.24570194235821 -65.16494584444081 18.169119628784287
v -20.540477997329617 -65.16494584444081 11.859051879161129
v -38.60347401816489 -53.122953341882756 22.287728394519934
v -43.898250073136296 -53.12295334188275 7.740451591590033
v -20.540477997329617 -65.16494584444081 11.859051879161129
v -43.898250073136296 -53.12295334188275 7.740451591590033
v -23.35776965347395 -65.16494584444081 4.118607857360857
v -43.898250073136296 -53.12295334188275 7.740451591590033
v -23.35777207580668 -65.16494584444081 -4.118600893154294
v -23.35776965347395 -65.16494584444081 4.118607857360857
v -23.35777207580668 -65.16494584444081 -4.118600893154294
v -43.898250073136296 -53.12295334188275 7.740451591590033
v -43.898250073136296 -53.12295334188275 -7.740438268760056
v -38.60347886283034 -53.12295334188274 -22.28771628285632
v -23.35777207580668 -65.16494584444081 -4.118600893154294
v -43.898250073136296 -53.12295334188275 -7.740438268760056
v -23.35777207580668 -65.16494584444081 -4.118600893154294
v -38.60347886283034 -53.12295334188274 -22.28771628285632
v -20.540480419662345 -65.16494584444081 -11.859045823329339
v -38.60347886283034 -53.12295334188274 -22.28771628285632
v -15.245707998190028 -65.16494584444081 -18.16911478411886
v -20.540480419662345 -65.16494584444081 -11.859045823329339
v -15.245707998190028 -65.16494584444081 -18.16911478411886
v -38.60347886283034 -53.12295334188274 -22.28771628285632
v -28.652560242441723 -53.12295334188274 -34.14676937318383
v -8.112077400446651 -65.16494584444081 -22.287721127521777
v -28.652560242441723 -53.12295334188274 -34.14676937318383
v -15.2457188986873 -53.12295334188274 -41.88721975360751
v -28.652560242441723 -53.12295334188274 -34.14676937318383
v -8.112077400446651 -65.16494584444081 -22.287721127521777
v -15.245707998190028 -65.16494584444081 -18.16911478411886
v -0.00002072367633244518 -53.12295334188274 -44.57545194437445
v -0.000011026836389568199 -65.16494584444081 -23.718101335989573
v -8.112077400446651 -65.16494584444081 -22.287721127521777
v -8.112077400446651 -65.16494584444081 -22.287721127521777
v -15.2457188986873 -53.12295334188274 -41.88721975360751
v -0.00002072367633244518 -53.12295334188274 -44.57545194437445
v -0.000011026836389568199 -65.16494584444081 -23.718101335989573
v -0.00002072367633244518 -53.12295334188274 -44.57545194437445
v 15.245680141363664 -53.12295334188274 -41.88722944293842
v -0.000011026836389568199 -65.16494584444081 -23.718101335989573
v 15.245680141363664 -53.12295334188274 -41.88722944293842
v 8.11205681061847 -65.16494584444081 -22.28772839451996
v 15.245680141363664 -53.12295334188274 -41.88722944293842
v 15.245691041860937 -65.16494584444081 -18.169129318115225
v 8.11205681061847 -65.16494584444081 -22.28772839451996
v 15.245691041860937 -65.16494584444081 -18.169129318115225
v 15.245680141363664 -53.12295334188274 -41.88722944293842
v 28.652528752116268 -53.12295334188274 -34.14679601884383
v 38.603459484168525 -53.12295334188274 -22.28775261784723
v 15.245691041860937 -65.16494584444081 -18.169129318115225
v 28.652528752116268 -53.12295334188274 -34.14679601884383
v 15.245691041860937 -65.16494584444081 -18.169129318115225
v 38.603459484168525 -53.12295334188274 -22.28775261784723
v 20.540470730331435 -65.16494584444081 -11.859065201991157
v 43.89824522847084 -53.12295334188275 -7.740478842833238
v 20.540470730331435 -65.16494584444081 -11.859065201991157
v 38.603459484168525 -53.12295334188274 -22.28775261784723
v 20.540470730331435 -65.16494584444081 -11.859065201991157
v 43.89824522847084 -53.12295334188275 -7.740478842833238
v 23.357767231141224 -65.16494584444081 -4.118622391357249
v 23.357774498139406 -65.16494584444081 4.118586056366311
v 43.89824522847084 -53.12295334188275 -7.740478842833238
v 43.898259762467205 -53.12295334188275 7.740410411933669
v 43.89824522847084 -53.12295334188275 -7.740478842833238
v 23.357774498139406 -65.16494584444081 4.118586056366311
v 23.357767231141224 -65.16494584444081 -4.118622391357249
v 38.60349339682671 -53.122953341882756 22.287692059529025
v 20.540490108993254 -65.16494584444081 11.85903250049931
v 23.357774498139406 -65.16494584444081 4.118586056366311
v 23.357774498139406 -65.16494584444081 4.118586056366311
v 43.898259762467205 -53.12295334188275 7.740410411933669
v 38.60349339682671 -53.122953341882756 22.287692059529025
v 20.540490108993254 -65.16494584444081 11.85903250049931
v 38.60349339682671 -53.122953341882756 22.287692059529025
v 28.65258204343627 -53.122953341882756 34.14674999452198
v 20.540490108993254 -65.16494584444081 11.85903250049931
v 28.65258204343627 -53.122953341882756 34.14674999452198
v 15.2457188986873 -65.16494584444081 18.169105094787923
v 28.65258204343627 -53.122953341882756 34.14674999452198
v 15.245745544347301 -53.122953341882756 41.88720521961112
v 15.2457188986873 -65.16494584444081 18.169105094787923
v 15.2457188986873 -65.16494584444081 18.169105094787923
v 15.245745544347301 -53.122953341882756 41.88720521961112
v 8.112091328859833 -65.16494584444081 22.287716282856294
v 15.245745544347301 -53.122953341882756 41.88720521961112
v -0.000001036751123483664 -65.16494584444081 23.718101335989545
v 8.112091328859833 -65.16494584444081 22.287716282856294
v -0.000001036751123483664 -65.16494584444081 23.718101335989545
v 15.245745544347301 -53.122953341882756 41.88720521961112
v -0.000001948454918488231 -53.122953341882756 44.57545194437442
v -0.0000026251462296849595 -34.6735419597244 60.05634301589088
v -15.245706787023664 -53.122953341882756 41.88722459827294
v -0.000001948454918488231 -53.122953341882756 44.57545194437442
v -15.245706787023664 -53.122953341882756 41.88722459827294
v -0.0000026251462296849595 -34.6735419597244 60.05634301589088
v -20.5404852643278 -34.6735419597244 56.43450019003648
v -20.5404852643278 -34.6735419597244 56.43450019003648
v -28.652550553110814 -53.122953341882756 34.14677664018198
v -15.245706787023664 -53.122953341882756 41.88722459827294
v -28.652550553110814 -53.122953341882756 34.14677664018198
v -20.5404852643278 -34.6735419597244 56.43450019003648
v -38.60347401816489 -34.673541959724396 46.0058297305095
v -38.60347401816489 -53.122953341882756 22.287728394519934
v -28.652550553110814 -53.122953341882756 34.14677664018198
v -52.01031778425204 -34.673541959724396 30.028173930278165
v -28.652550553110814 -53.122953341882756 34.14677664018198
v -38.60347401816489 -34.673541959724396 46.0058297305095
v -52.01031778425204 -34.673541959724396 30.028173930278165
v -43.898250073136296 -53.12295334188275 7.740451591590033
v -38.60347401816489 -53.122953341882756 22.287728394519934
v -59.143952015494506 -34.67354195972439 10.42868136002425
v -38.60347401816489 -53.122953341882756 22.287728394519934
v -52.01031778425204 -34.673541959724396 30.028173930278165
v -59.143952015494506 -34.67354195972439 10.42868136002425
v -43.898250073136296 -53.12295334188275 -7.740438268760056
v -43.898250073136296 -53.12295334188275 7.740451591590033
v -59.143952015494506 -34.67354195972439 -10.428664403695173
v -43.898250073136296 -53.12295334188275 7.740451591590033
v -59.143952015494506 -34.67354195972439 10.42868136002425
v -59.143952015494506 -34.67354195972439 -10.428664403695173
v -59.143952015494506 -34.67354195972439 -10.428664403695173
v -38.60347886283034 -53.12295334188274 -22.28771628285632
v -43.898250073136296 -53.12295334188275 -7.740438268760056
v -38.60347886283034 -53.12295334188274 -22.28771628285632
v -59.143952015494506 -34.67354195972439 -10.428664403695173
v -52.01032262891749 -34.67354195972438 -30.028159396281815
v -52.01032262891749 -34.67354195972438 -30.028159396281815
v -28.652560242441723 -53.12295334188274 -34.14676937318383
v -38.60347886283034 -53.12295334188274 -22.28771628285632
v -28.652560242441723 -53.12295334188274 -34.14676937318383
v -52.01032262891749 -34.67354195972438 -30.028159396281815
v -38.60348855216125 -34.67354195972438 -46.00581519651315
v -20.54050222065689 -34.673541959724375 -56.43449534537104
v -15.2457188986873 -53.12295334188274 -41.88721975360751
v -28.652560242441723 -53.12295334188274 -34.14676937318383
v -28.652560242441723 -53.12295334188274 -34.14676937318383
v -38.60348855216125 -34.67354195972438 -46.00581519651315
v -20.54050222065689 -34.673541959724375 -56.43449534537104
v -0.00002072367633244518 -53.12295334188274 -44.57545194437445
v -15.2457188986873 -53.12295334188274 -41.88721975360751
v -0.000027920932096950693 -34.673541959724375 -60.056343015890896
v -15.2457188986873 -53.12295334188274 -41.88721975360751
v -20.54050222065689 -34.673541959724375 -56.43449534537104
v -0.000027920932096950693 -34.673541959724375 -60.056343015890896
v -0.000027920932096950693 -34.673541959724375 -60.056343015890896
v 15.245680141363664 -53.12295334188274 -41.88722944293842
v -0.00002072367633244518 -53.12295334188274 -44.57545194437445
v 15.245680141363664 -53.12295334188274 -41.88722944293842
v -0.000027920932096950693 -34.673541959724375 -60.056343015890896
v 20.54044892933689 -34.673541959724375 -56.43451472403286
v 20.54044892933689 -34.673541959724375 -56.43451472403286
v 28.652528752116268 -53.12295334188274 -34.14679601884383
v 15.245680141363664 -53.12295334188274 -41.88722944293842
v 28.652528752116268 -53.12295334188274 -34.14679601884383
v 20.54044892933689 -34.673541959724375 -56.43451472403286
v 38.60344495017216 -34.67354195972438 -46.005853953836784
v 52.01029840559022 -34.67354195972438 -30.02820784293636
v 28.652528752116268 -53.12295334188274 -34.14679601884383
v 38.60344495017216 -34.67354195972438 -46.005853953836784
v 28.652528752116268 -53.12295334188274 -34.14679601884383
v 52.01029840559022 -34.67354195972438 -30.02820784293636
v 38.603459484168525 -53.12295334188274 -22.28775261784723
v 43.89824522847084 -53.12295334188275 -7.740478842833238
v 38.603459484168525 -53.12295334188274 -22.28775261784723
v 59.1439423261636 -34.67354195972439 -10.428718906181537
v 38.603459484168525 -53.12295334188274 -22.28775261784723
v 52.01029840559022 -34.67354195972438 -30.02820784293636
v 59.1439423261636 -34.67354195972439 -10.428718906181537
v 43.898259762467205 -53.12295334188275 7.740410411933669
v 43.89824522847084 -53.12295334188275 -7.740478842833238
v 59.143961704825415 -34.67354195972439 10.428625646371522
v 43.89824522847084 -53.12295334188275 -7.740478842833238
v 59.1439423261636 -34.67354195972439 -10.428718906181537
v 59.143961704825415 -34.67354195972439 10.428625646371522
v 59.143961704825415 -34.67354195972439 10.428625646371522
v 38.60349339682671 -53.122953341882756 22.287692059529025
v 43.898259762467205 -53.12295334188275 7.740410411933669
v 38.60349339682671 -53.122953341882756 22.287692059529025
v 59.143961704825415 -34.67354195972439 10.428625646371522
v 52.010346852244766 -34.673541959724396 30.02812548362362
v 52.010346852244766 -34.673541959724396 30.02812548362362
v 38.60351762015398 -34.673541959724396 46.00579097318586
v 38.60349339682671 -53.122953341882756 22.287692059529025
v 38.60349339682671 -53.122953341882756 22.287692059529025
v 38.60351762015398 -34.673541959724396 46.00579097318586
v 28.65258204343627 -53.122953341882756 34.14674999452198
v 20.540536133315072 -34.6735419597244 56.43448081137466
v 15.245745544347301 -53.122953341882756 41.88720521961112
v 28.65258204343627 -53.122953341882756 34.14674999452198
v 28.65258204343627 -53.122953341882756 34.14674999452198
v 38.60351762015398 -34.673541959724396 46.00579097318586
v 20.540536133315072 -34.6735419597244 56.43448081137466
v -0.000001948454918488231 -53.122953341882756 44.57545194437442
v 15.245745544347301 -53.122953341882756 41.88720521961112
v -0.0000026251462296849595 -34.6735419597244 60.05634301589088
v 15.245745544347301 -53.122953341882756 41.88720521961112
v 20.540536133315072 -34.6735419597244 56.43448081137466
v -0.0000026251462296849595 -34.6735419597244 60.05634301589088
v -20.5404852643278 -34.6735419597244 56.43450019003648
v -0.000002985205897589613 -12.041990080225348 68.293553280364
v -23.357776920472133 -12.041990080225347 64.17494814812744
v -0.000002985205897589613 -12.041990080225348 68.293553280364
v -20.5404852643278 -34.6735419597244 56.43450019003648
v -0.0000026251462296849595 -34.6735419597244 60.05634301589088
v -23.357776920472133 -12.041990080225347 64.17494814812744
v -38.60347401816489 -34.673541959724396 46.0058297305095
v -20.5404852643278 -34.6735419597244 56.43450019003648
v -38.60347401816489 -34.673541959724396 46.0058297305095
v -23.357776920472133 -12.041990080225347 64.17494814812744
v -43.898250073136296 -12.041990080225345 52.315895057799935
v -59.143952015494506 -12.04199008022534 34.14678148484745
v -52.01031778425204 -34.673541959724396 30.028173930278165
v -38.60347401816489 -34.673541959724396 46.0058297305095
v -38.60347401816489 -34.673541959724396 46.0058297305095
v -43.898250073136296 -12.041990080225345 52.315895057799935
v -59.143952015494506 -12.04199008022534 34.14678148484745
v -59.143952015494506 -34.67354195972439 10.42868136002425
v -52.01031778425204 -34.673541959724396 30.028173930278165
v -67.25601972661025 -12.041990080225334 11.859059146159321
v -52.01031778425204 -34.673541959724396 30.028173930278165
v -59.143952015494506 -12.04199008022534 34.14678148484745
v -67.25601972661025 -12.041990080225334 11.859059146159321
v -59.143952015494506 -34.67354195972439 -10.428664403695173
v -59.143952015494506 -34.67354195972439 10.42868136002425
v -67.2560245712757 -12.04199008022533 -11.859038556331146
v -59.143952015494506 -34.67354195972439 10.42868136002425
v -67.25601972661025 -12.041990080225334 11.859059146159321
v -67.2560245712757 -12.04199008022533 -11.859038556331146
v -67.2560245712757 -12.04199008022533 -11.859038556331146
v -52.01032262891749 -34.67354195972438 -30.028159396281815
v -59.143952015494506 -34.67354195972439 -10.428664403695173
v -52.01032262891749 -34.67354195972438 -30.028159396281815
v -67.2560245712757 -12.04199008022533 -11.859038556331146
v -59.14395686015996 -12.041990080225325 -34.14676210618563
v -59.14395686015996 -12.041990080225325 -34.14676210618563
v -38.60348855216125 -34.67354195972438 -46.00581519651315
v -52.01032262891749 -34.67354195972438 -30.028159396281815
v -38.60348855216125 -34.67354195972438 -46.00581519651315
v -59.14395686015996 -12.041990080225325 -34.14676210618563
v -43.898269451798114 -12.04199008022532 -52.315885368469026
v -20.54050222065689 -34.673541959724375 -56.43449534537104
v -38.60348855216125 -34.67354195972438 -46.00581519651315
v -23.357796299133952 -12.041990080225318 -64.17493845879653
v -38.60348855216125 -34.67354195972438 -46.00581519651315
v -43.898269451798114 -12.04199008022532 -52.315885368469026
v -23.357796299133952 -12.041990080225318 -64.17493845879653
v -0.000027920932096950693 -34.673541959724375 -60.056343015890896
v -20.54050222065689 -34.673541959724375 -56.43449534537104
v -0.000031750511566955124 -12.041990080225316 -68.293553280364
v -20.54050222065689 -34.673541959724375 -56.43449534537104
v -23.357796299133952 -12.041990080225318 -64.17493845879653
v -0.000031750511566955124 -12.041990080225316 -68.293553280364
v 20.54044892933689 -34.673541959724375 -56.43451472403286
v -0.000031750511566955124 -12.041990080225316 -68.293553280364
v 23.357738163148497 -12.041990080225318 -64.17495783745835
v -0.000031750511566955124 -12.041990080225316 -68.293553280364
v 20.54044892933689 -34.673541959724375 -56.43451472403286
v -0.000027920932096950693 -34.673541959724375 -60.056343015890896
v 23.357738163148497 -12.041990080225318 -64.17495783745835
v 38.60344495017216 -34.67354195972438 -46.005853953836784
v 20.54044892933689 -34.673541959724375 -56.43451472403286
v 38.60344495017216 -34.67354195972438 -46.005853953836784
v 23.357738163148497 -12.041990080225318 -64.17495783745835
v 43.89822100514357 -12.04199008022532 -52.31592412579266
v 59.14393263683269 -12.041990080225325 -34.14681781983836
v 52.01029840559022 -34.67354195972438 -30.02820784293636
v 38.60344495017216 -34.67354195972438 -46.005853953836784
v 38.60344495017216 -34.67354195972438 -46.005853953836784
v 43.89822100514357 -12.04199008022532 -52.31592412579266
v 59.14393263683269 -12.041990080225325 -34.14681781983836
v 59.1439423261636 -34.67354195972439 -10.428718906181537
v 52.01029840559022 -34.67354195972438 -30.02820784293636
v 67.25601003727934 -12.04199008022533 -11.859101536982056
v 52.01029840559022 -34.67354195972438 -30.02820784293636
v 59.14393263683269 -12.041990080225325 -34.14681781983836
v 67.25601003727934 -12.04199008022533 -11.859101536982056
v 59.143961704825415 -34.67354195972439 10.428625646371522
v 59.1439423261636 -34.67354195972439 -10.428718906181537
v 67.25602941594116 -12.041990080225334 11.858996165508412
v 59.1439423261636 -34.67354195972439 -10.428718906181537
v 67.25601003727934 -12.04199008022533 -11.859101536982056
v 67.25602941594116 -12.041990080225334 11.858996165508412
v 67.25602941594116 -12.041990080225334 11.858996165508412
v 52.010346852244766 -34.673541959724396 30.02812548362362
v 59.143961704825415 -34.67354195972439 10.428625646371522
v 52.010346852244766 -34.673541959724396 30.02812548362362
v 67.25602941594116 -12.041990080225334 11.858996165508412
v 59.14398592815269 -12.04199008022534 34.146723348862
v 59.14398592815269 -12.04199008022534 34.146723348862
v 38.60351762015398 -34.673541959724396 46.00579097318586
v 52.010346852244766 -34.673541959724396 30.02812548362362
v 38.60351762015398 -34.673541959724396 46.00579097318586
v 59.14398592815269 -12.04199008022534 34.146723348862
v 43.89829851979084 -12.041990080225345 52.3158563004763
v 20.540536133315072 -34.6735419597244 56.43448081137466
v 38.60351762015398 -34.673541959724396 46.00579097318586
v 23.357837478790316 -12.041990080225347 64.17492392480017
v 38.60351762015398 -34.673541959724396 46.00579097318586
v 43.89829851979084 -12.041990080225345 52.3158563004763
v 23.357837478790316 -12.041990080225347 64.17492392480017
v -0.0000026251462296849595 -34.6735419597244 60.05634301589088
v 20.540536133315072 -34.6735419597244 56.43448081137466
v -0.000002985205897589613 -12.041990080225348 68.293553280364
v 20.540536133315072 -34.6735419597244 56.43448081137466
v 23.357837478790316 -12.041990080225347 64.17492392480017
v -0.000002985205897589613 -12.041990080225348 68.293553280364
v -23.357776920472133 -12.041990080225347 64.17494814812744
v -0.000002985205897589613 -12.041990080225348 68.293553280364
v -23.357776920472133 12.042003403055318 64.17494330346199
v -0.000002985205897589613 -12.041990080225348 68.293553280364
v -0.000002985205897589613 12.042003403055316 68.29354843569854
v -23.357776920472133 12.042003403055318 64.17494330346199
v -43.898250073136296 -12.041990080225345 52.315895057799935
v -23.357776920472133 -12.041990080225347 64.17494814812744
v -43.898250073136296 12.04200340305532 52.315895057799935
v -23.357776920472133 -12.041990080225347 64.17494814812744
v -23.357776920472133 12.042003403055318 64.17494330346199
v -43.898250073136296 12.04200340305532 52.315895057799935
v -59.143952015494506 -12.04199008022534 34.14678148484745
v -43.898250073136296 12.04200340305532 52.315895057799935
v -59.14394717082905 12.042003403055325 34.146779062514725
v -43.898250073136296 12.04200340305532 52.315895057799935
v -59.143952015494506 -12.04199008022534 34.14678148484745
v -43.898250073136296 -12.041990080225345 52.315895057799935
v -67.25601972661025 -12.041990080225334 11.859059146159321
v -59.14394717082905 12.042003403055325 34.146779062514725
v -67.2560148819448 12.04200340305533 11.859057934992965
v -59.14394717082905 12.042003403055325 34.146779062514725
v -67.25601972661025 -12.041990080225334 11.859059146159321
v -59.143952015494506 -12.04199008022534 34.14678148484745
v -67.2560245712757 -12.04199008022533 -11.859038556331146
v -67.2560148819448 12.04200340305533 11.859057934992965
v -67.25601972661025 12.042003403055334 -11.85903855633114
v -67.2560148819448 12.04200340305533 11.859057934992965
v -67.2560245712757 -12.04199008022533 -11.859038556331146
v -67.25601972661025 -12.041990080225334 11.859059146159321
v -59.14395686015996 -12.041990080225325 -34.14676210618563
v -67.2560245712757 -12.04199008022533 -11.859038556331146
v -59.14395686015996 12.04200340305534 -34.146759683852906
v -67.2560245712757 -12.04199008022533 -11.859038556331146
v -67.25601972661025 12.042003403055334 -11.85903855633114
v -59.14395686015996 12.04200340305534 -34.146759683852906
v -43.898269451798114 -12.04199008022532 -52.315885368469026
v -59.14395686015996 -12.041990080225325 -34.14676210618563
v -43.89826460713266 12.042003403055345 -52.31588052380357
v -59.14395686015996 -12.041990080225325 -34.14676210618563
v -59.14395686015996 12.04200340305534 -34.146759683852906
v -43.89826460713266 12.042003403055345 -52.31588052380357
v -23.357796299133952 -12.041990080225318 -64.17493845879653
v -43.89826460713266 12.042003403055345 -52.31588052380357
v -23.357793876801225 12.042003403055347 -64.17493361413108
v -43.89826460713266 12.042003403055345 -52.31588052380357
v -23.357796299133952 -12.041990080225318 -64.17493845879653
v -43.898269451798114 -12.04199008022532 -52.315885368469026
v -0.000031750511566955124 -12.041990080225316 -68.293553280364
v -23.357793876801225 12.042003403055347 -64.17493361413108
v -0.000031750509256838616 12.042003403055348 -68.29354843569854
v -23.357793876801225 12.042003403055347 -64.17493361413108
v -0.000031750511566955124 -12.041990080225316 -68.293553280364
v -23.357796299133952 -12.041990080225318 -64.17493845879653
v 23.357738163148497 -12.041990080225318 -64.17495783745835
v -0.000031750511566955124 -12.041990080225316 -68.293553280364
v 23.35773574081577 12.042003403055347 -64.17495783745835
v -0.000031750511566955124 -12.041990080225316 -68.293553280364
v -0.000031750509256838616 12.042003403055348 -68.29354843569854
v 23.35773574081577 12.042003403055347 -64.17495783745835
v 43.89822100514357 -12.04199008022532 -52.31592412579266
v 23.357738163148497 -12.041990080225318 -64.17495783745835
v 43.898216160478114 12.042003403055345 -52.31591928112721
v 23.357738163148497 -12.041990080225318 -64.17495783745835
v 23.35773574081577 12.042003403055347 -64.17495783745835
v 43.898216160478114 12.042003403055345 -52.31591928112721
v 59.14393263683269 -12.041990080225325 -34.14681781983836
v 43.898216160478114 12.042003403055345 -52.31591928112721
v 59.14392779216723 12.04200340305534 -34.146815397505634
v 43.898216160478114 12.042003403055345 -52.31591928112721
v 59.14393263683269 -12.041990080225325 -34.14681781983836
v 43.89822100514357 -12.04199008022532 -52.31592412579266
v 67.25601003727934 -12.04199008022533 -11.859101536982056
v 59.14392779216723 12.04200340305534 -34.146815397505634
v 67.25600519261388 12.042003403055334 -11.859100325815685
v 59.14392779216723 12.04200340305534 -34.146815397505634
v 67.25601003727934 -12.04199008022533 -11.859101536982056
v 59.14393263683269 -12.041990080225325 -34.14681781983836
v 67.25602941594116 -12.041990080225334 11.858996165508412
v 67.25601003727934 -12.04199008022533 -11.859101536982056
v 67.2560245712757 12.04200340305533 11.858994954342055
v 67.25601003727934 -12.04199008022533 -11.859101536982056
v 67.25600519261388 12.042003403055334 -11.859100325815685
v 67.2560245712757 12.04200340305533 11.858994954342055
v 59.14398592815269 -12.04199008022534 34.146723348862
v 67.25602941594116 -12.041990080225334 11.858996165508412
v 59.14398108348723 12.042003403055325 34.14672092652927
v 67.25602941594116 -12.041990080225334 11.858996165508412
v 67.2560245712757 12.04200340305533 11.858994954342055
v 59.14398108348723 12.042003403055325 34.14672092652927
v 43.89829851979084 -12.041990080225345 52.3158563004763
v 59.14398592815269 -12.04199008022534 34.146723348862
v 43.89829851979084 12.04200340305532 52.315851455810844
v 59.14398592815269 -12.04199008022534 34.146723348862
v 59.14398108348723 12.042003403055325 34.14672092652927
v 43.89829851979084 12.04200340305532 52.315851455810844
v 23.357837478790316 -12.041990080225347 64.17492392480017
v 43.89829851979084 12.04200340305532 52.315851455810844
v 23.35783505645759 12.042003403055318 64.17491908013471
v 43.89829851979084 12.04200340305532 52.315851455810844
v 23.357837478790316 -12.041990080225347 64.17492392480017
v 43.89829851979084 -12.041990080225345 52.3158563004763
v -0.000002985205897589613 -12.041990080225348 68.293553280364
v 23.35783505645759 12.042003403055318 64.17491908013471
v -0.000002985205897589613 12.042003403055316 68.29354843569854
v 23.35783505645759 12.042003403055318 64.17491908013471
v -0.000002985205897589613 -12.041990080225348 68.293553280364
v 23.357837478790316 -12.041990080225347 64.17492392480017
v -23.357776920472133 12.042003403055318 64.17494330346199
v -0.000002985205897589613 12.042003403055316 68.29354843569854
v -20.540482841995072 34.67354922672256 56.43449534537104
v -0.000002985205897589613 12.042003403055316 68.29354843569854
v -0.000002625145940920396 34.67354922672256 60.05633817122544
v -20.540482841995072 34.67354922672256 56.43449534537104
v -43.898250073136296 12.04200340305532 52.315895057799935
v -23.357776920472133 12.042003403055318 64.17494330346199
v -38.60347159583216 34.673549226722564 46.005824885844056
v -23.357776920472133 12.042003403055318 64.17494330346199
v -20.540482841995072 34.67354922672256 56.43449534537104
v -38.60347159583216 34.673549226722564 46.005824885844056
v -38.60347159583216 34.673549226722564 46.005824885844056
v -59.14394717082905 12.042003403055325 34.146779062514725
v -43.898250073136296 12.04200340305532 52.315895057799935
v -59.14394717082905 12.042003403055325 34.146779062514725
v -38.60347159583216 34.673549226722564 46.005824885844056
v -52.01031293958658 34.673549226722564 30.02817150794545
v -67.2560148819448 12.04200340305533 11.859057934992965
v -52.01031293958658 34.673549226722564 30.02817150794545
v -59.14394717082905 34.67354922672257 10.428681360024264
v -52.01031293958658 34.673549226722564 30.02817150794545
v -67.2560148819448 12.04200340305533 11.859057934992965
v -59.14394717082905 12.042003403055325 34.146779062514725
v -67.25601972661025 12.042003403055334 -11.85903855633114
v -59.14394717082905 34.67354922672257 10.428681360024264
v -59.143952015494506 34.67354922672257 -10.428663192528795
v -59.14394717082905 34.67354922672257 10.428681360024264
v -67.25601972661025 12.042003403055334 -11.85903855633114
v -67.2560148819448 12.04200340305533 11.859057934992965
v -59.14395686015996 12.04200340305534 -34.146759683852906
v -67.25601972661025 12.042003403055334 -11.85903855633114
v -52.01032262891749 34.67354922672258 -30.028156973949073
v -67.25601972661025 12.042003403055334 -11.85903855633114
v -59.143952015494506 34.67354922672257 -10.428663192528795
v -52.01032262891749 34.67354922672258 -30.028156973949073
v -38.603486129828525 34.67354922672258 -46.00581519651313
v -43.89826460713266 12.042003403055345 -52.31588052380357
v -59.14395686015996 12.04200340305534 -34.146759683852906
v -59.14395686015996 12.04200340305534 -34.146759683852906
v -52.01032262891749 34.67354922672258 -30.028156973949073
v -38.603486129828525 34.67354922672258 -46.00581519651313
v -23.357793876801225 12.042003403055347 -64.17493361413108
v -38.603486129828525 34.67354922672258 -46.00581519651313
v -20.540499798324163 34.673549226722585 -56.43449050070557
v -38.603486129828525 34.67354922672258 -46.00581519651313
v -23.357793876801225 12.042003403055347 -64.17493361413108
v -43.89826460713266 12.042003403055345 -52.31588052380357
v -0.000031750509256838616 12.042003403055348 -68.29354843569854
v -20.540499798324163 34.673549226722585 -56.43449050070557
v -0.000027920929786834185 34.673549226722585 -60.05633817122543
v -20.540499798324163 34.673549226722585 -56.43449050070557
v -0.000031750509256838616 12.042003403055348 -68.29354843569854
v -23.357793876801225 12.042003403055347 -64.17493361413108
v 23.35773574081577 12.042003403055347 -64.17495783745835
v -0.000031750509256838616 12.042003403055348 -68.29354843569854
v 20.540446507004162 34.673549226722585 -56.43450987936739
v -0.000031750509256838616 12.042003403055348 -68.29354843569854
v -0.000027920929786834185 34.673549226722585 -60.05633817122543
v 20.540446507004162 34.673549226722585 -56.43450987936739
v 43.898216160478114 12.042003403055345 -52.31591928112721
v 23.35773574081577 12.042003403055347 -64.17495783745835
v 38.603442527839434 34.67354922672258 -46.005849109171315
v 23.35773574081577 12.042003403055347 -64.17495783745835
v 20.540446507004162 34.673549226722585 -56.43450987936739
v 38.603442527839434 34.67354922672258 -46.005849109171315
v 38.603442527839434 34.67354922672258 -46.005849109171315
v 59.14392779216723 12.04200340305534 -34.146815397505634
v 43.898216160478114 12.042003403055345 -52.31591928112721
v 59.14392779216723 12.04200340305534 -34.146815397505634
v 38.603442527839434 34.67354922672258 -46.005849109171315
v 52.010293560924765 34.67354922672258 -30.02820542060362
v 67.25600519261388 12.042003403055334 -11.859100325815685
v 52.010293560924765 34.67354922672258 -30.02820542060362
v 59.14393748149814 34.67354922672257 -10.428717695015159
v 52.010293560924765 34.67354922672258 -30.02820542060362
v 67.25600519261388 12.042003403055334 -11.859100325815685
v 59.14392779216723 12.04200340305534 -34.146815397505634
v 67.2560245712757 12.04200340305533 11.858994954342055
v 59.14393748149814 34.67354922672257 -10.428717695015159
v 59.14395686015996 34.67354922672257 10.428625646371536
v 59.14393748149814 34.67354922672257 -10.428717695015159
v 67.2560245712757 12.04200340305533 11.858994954342055
v 67.25600519261388 12.042003403055334 -11.859100325815685
v 59.14398108348723 12.042003403055325 34.14672092652927
v 67.2560245712757 12.04200340305533 11.858994954342055
v 52.01034200757931 34.673549226722564 30.028123061290906
v 67.2560245712757 12.04200340305533 11.858994954342055
v 59.14395686015996 34.67354922672257 10.428625646371536
v 52.01034200757931 34.673549226722564 30.028123061290906
v 38.60351519782125 34.673549226722564 46.00578612852042
v 43.89829851979084 12.04200340305532 52.315851455810844
v 59.14398108348723 12.042003403055325 34.14672092652927
v 59.14398108348723 12.042003403055325 34.14672092652927
v 52.01034200757931 34.673549226722564 30.028123061290906
v 38.60351519782125 34.673549226722564 46.00578612852042
v 23.35783505645759 12.042003403055318 64.17491908013471
v 38.60351519782125 34.673549226722564 46.00578612852042
v 20.540536133315072 34.67354922672256 56.43447596670922
v 38.60351519782125 34.673549226722564 46.00578612852042
v 23.35783505645759 12.042003403055318 64.17491908013471
v 43.89829851979084 12.04200340305532 52.315851455810844
v -0.000002985205897589613 12.042003403055316 68.29354843569854
v 20.540536133315072 34.67354922672256 56.43447596670922
v -0.000002625145940920396 34.67354922672256 60.05633817122544
v 20.540536133315072 34.67354922672256 56.43447596670922
v -0.000002985205897589613 12.042003403055316 68.29354843569854
v 23.35783505645759 12.042003403055318 64.17491908013471
v -20.540482841995072 34.67354922672256 56.43449534537104
v -0.000002625145940920396 34.67354922672256 60.05633817122544
v -15.245706787023664 53.12295334188274 41.887224598272965
v -0.000002625145940920396 34.67354922672256 60.05633817122544
v -0.000001948454918488231 53.12295334188274 44.57545194437445
v -15.245706787023664 53.12295334188274 41.887224598272965
v -28.652550553110814 53.12295334188274 34.14677664018201
v -38.60347159583216 34.673549226722564 46.005824885844056
v -20.540482841995072 34.67354922672256 56.43449534537104
v -20.540482841995072 34.67354922672256 56.43449534537104
v -15.245706787023664 53.12295334188274 41.887224598272965
v -28.652550553110814 53.12295334188274 34.14677664018201
v -52.01031293958658 34.673549226722564 30.02817150794545
v -28.652550553110814 53.12295334188274 34.14677664018201
v -38.60347401816489 53.12295334188274 22.287728394519956
v -28.652550553110814 53.12295334188274 34.14677664018201
v -52.01031293958658 34.673549226722564 30.02817150794545
v -38.60347159583216 34.673549226722564 46.005824885844056
v -59.14394717082905 34.67354922672257 10.428681360024264
v -38.60347401816489 53.12295334188274 22.287728394519956
v -43.898250073136296 53.12295334188275 7.740451591590056
v -38.60347401816489 53.12295334188274 22.287728394519956
v -59.14394717082905 34.67354922672257 10.428681360024264
v -52.01031293958658 34.673549226722564 30.02817150794545
v -59.143952015494506 34.67354922672257 -10.428663192528795
v -43.898250073136296 53.12295334188275 7.740451591590056
v -43.898250073136296 53.12295334188275 -7.740438268760033
v -43.898250073136296 53.12295334188275 7.740451591590056
v -59.143952015494506 34.67354922672257 -10.428663192528795
v -59.14394717082905 34.67354922672257 10.428681360024264
v -52.01032262891749 34.67354922672258 -30.028156973949073
v -59.143952015494506 34.67354922672257 -10.428663192528795
v -38.60347886283034 53.122953341882756 -22.287716282856298
v -59.143952015494506 34.67354922672257 -10.428663192528795
v -43.898250073136296 53.12295334188275 -7.740438268760033
v -38.60347886283034 53.122953341882756 -22.287716282856298
v -28.652560242441723 53.122953341882756 -34.1467693731838
v -52.01032262891749 34.67354922672258 -30.028156973949073
v -38.60347886283034 53.122953341882756 -22.287716282856298
v -52.01032262891749 34.67354922672258 -30.028156973949073
v -28.652560242441723 53.122953341882756 -34.1467693731838
v -38.603486129828525 34.67354922672258 -46.00581519651313
v -28.652560242441723 53.122953341882756 -34.1467693731838
v -20.540499798324163 34.673549226722585 -56.43449050070557
v -38.603486129828525 34.67354922672258 -46.00581519651313
v -20.540499798324163 34.673549226722585 -56.43449050070557
v -28.652560242441723 53.122953341882756 -34.1467693731838
v -15.2457188986873 53.122953341882756 -41.88721975360748
v -0.000027920929786834185 34.673549226722585 -60.05633817122543
v -15.2457188986873 53.122953341882756 -41.88721975360748
v -0.00002072367633244518 53.122953341882756 -44.57545194437442
v -15.2457188986873 53.122953341882756 -41.88721975360748
v -0.000027920929786834185 34.673549226722585 -60.05633817122543
v -20.540499798324163 34.673549226722585 -56.43449050070557
v 20.540446507004162 34.673549226722585 -56.43450987936739
v -0.000027920929786834185 34.673549226722585 -60.05633817122543
v 15.245680141363664 53.122953341882756 -41.88722944293839
v -0.000027920929786834185 34.673549226722585 -60.05633817122543
v -0.00002072367633244518 53.122953341882756 -44.57545194437442
v 15.245680141363664 53.122953341882756 -41.88722944293839
v 28.652528752116268 53.122953341882756 -34.1467960188438
v 38.603442527839434 34.67354922672258 -46.005849109171315
v 20.540446507004162 34.673549226722585 -56.43450987936739
v 20.540446507004162 34.673549226722585 -56.43450987936739
v 15.245680141363664 53.122953341882756 -41.88722944293839
v 28.652528752116268 53.122953341882756 -34.1467960188438
v 52.010293560924765 34.67354922672258 -30.02820542060362
v 28.652528752116268 53.122953341882756 -34.1467960188438
v 38.603459484168525 53.122953341882756 -22.287752617847207
v 28.652528752116268 53.122953341882756 -34.1467960188438
v 52.010293560924765 34.67354922672258 -30.02820542060362
v 38.603442527839434 34.67354922672258 -46.005849109171315
v 59.14393748149814 34.67354922672257 -10.428717695015159
v 38.603459484168525 53.122953341882756 -22.287752617847207
v 43.89824522847084 53.12295334188275 -7.740478842833215
v 38.603459484168525 53.122953341882756 -22.287752617847207
v 59.14393748149814 34.67354922672257 -10.428717695015159
v 52.010293560924765 34.67354922672258 -30.02820542060362
v 59.14395686015996 34.67354922672257 10.428625646371536
v 43.89824522847084 53.12295334188275 -7.740478842833215
v 43.898259762467205 53.12295334188275 7.740410411933692
v 43.89824522847084 53.12295334188275 -7.740478842833215
v 59.14395686015996 34.67354922672257 10.428625646371536
v 59.14393748149814 34.67354922672257 -10.428717695015159
v 52.01034200757931 34.673549226722564 30.028123061290906
v 59.14395686015996 34.67354922672257 10.428625646371536
v 38.60349339682671 53.12295334188274 22.287692059529046
v 59.14395686015996 34.67354922672257 10.428625646371536
v 43.898259762467205 53.12295334188275 7.740410411933692
v 38.60349339682671 53.12295334188274 22.287692059529046
v 38.60351519782125 34.673549226722564 46.00578612852042
v 38.60349339682671 53.12295334188274 22.287692059529046
v 28.65258204343627 53.12295334188274 34.14674999452201
v 38.60349339682671 53.12295334188274 22.287692059529046
v 38.60351519782125 34.673549226722564 46.00578612852042
v 52.01034200757931 34.673549226722564 30.028123061290906
v 28.65258204343627 53.12295334188274 34.14674999452201
v 20.540536133315072 34.67354922672256 56.43447596670922
v 38.60351519782125 34.673549226722564 46.00578612852042
v 20.540536133315072 34.67354922672256 56.43447596670922
v 28.65258204343627 53.12295334188274 34.14674999452201
v 15.245745544347301 53.12295334188274 41.88720521961115
v -0.000002625145940920396 34.67354922672256 60.05633817122544
v 15.245745544347301 53.12295334188274 41.88720521961115
v -0.000001948454918488231 53.12295334188274 44.57545194437445
v 15.245745544347301 53.12295334188274 41.88720521961115
v -0.000002625145940920396 34.67354922672256 60.05633817122544
v 20.540536133315072 34.67354922672256 56.43447596670922
v -8.112072555781197 65.16494584444081 22.28772839451996
v -0.000001948454918488231 53.12295334188274 44.57545194437445
v -0.0000010367513400570867 65.16494584444081 23.718106180655028
v -0.000001948454918488231 53.12295334188274 44.57545194437445
v -8.112072555781197 65.16494584444081 22.28772839451996
v -15.245706787023664 53.12295334188274 41.887224598272965
v -8.112072555781197 65.16494584444081 22.28772839451996
v -28.652550553110814 53.12295334188274 34.14677664018201
v -15.245706787023664 53.12295334188274 41.887224598272965
v -28.652550553110814 53.12295334188274 34.14677664018201
v -8.112072555781197 65.16494584444081 22.28772839451996
v -15.2457055758573 65.16494584444081 18.169123262283406
v -38.60347401816489 53.12295334188274 22.287728394519956
v -28.652550553110814 53.12295334188274 34.14677664018201
v -20.540482841995072 65.16494584444081 11.859054301493885
v -28.652550553110814 53.12295334188274 34.14677664018201
v -15.2457055758573 65.16494584444081 18.169123262283406
v -20.540482841995072 65.16494584444081 11.859054301493885
v -43.898250073136296 53.12295334188275 7.740451591590056
v -20.540482841995072 65.16494584444081 11.859054301493885
v -23.357774498139406 65.16494584444081 4.118608765735658
v -20.540482841995072 65.16494584444081 11.859054301493885
v -43.898250073136296 53.12295334188275 7.740451591590056
v -38.60347401816489 53.12295334188274 22.287728394519956
v -23.357776920472133 65.16494584444081 -4.118601801529039
v -43.898250073136296 53.12295334188275 -7.740438268760033
v -43.898250073136296 53.12295334188275 7.740451591590056
v -23.357776920472133 65.16494584444081 -4.118601801529039
v -43.898250073136296 53.12295334188275 7.740451591590056
v -23.357774498139406 65.16494584444081 4.118608765735658
v -38.60347886283034 53.122953341882756 -22.287716282856298
v -23.357776920472133 65.16494584444081 -4.118601801529039
v -20.5404852643278 65.16494584444081 -11.859048245662038
v -23.357776920472133 65.16494584444081 -4.118601801529039
v -38.60347886283034 53.122953341882756 -22.287716282856298
v -43.898250073136296 53.12295334188275 -7.740438268760033
v -15.245711631689119 65.16494584444081 -18.169119628784287
v -38.60347886283034 53.122953341882756 -22.287716282856298
v -20.5404852643278 65.16494584444081 -11.859048245662038
v -38.60347886283034 53.122953341882756 -22.287716282856298
v -15.245711631689119 65.16494584444081 -18.169119628784287
v -28.652560242441723 53.122953341882756 -34.1467693731838
v -15.245711631689119 65.16494584444081 -18.169119628784287
v -15.2457188986873 53.122953341882756 -41.88721975360748
v -28.652560242441723 53.122953341882756 -34.1467693731838
v -15.2457188986873 53.122953341882756 -41.88721975360748
v -15.245711631689119 65.16494584444081 -18.169119628784287
v -8.112078611613015 65.16494584444081 -22.287725972187204
v -0.00002072367633244518 53.122953341882756 -44.57545194437442
v -8.112078611613015 65.16494584444081 -22.287725972187204
v -0.000011026838699684707 65.16494584444081 -23.718106180655
v -8.112078611613015 65.16494584444081 -22.287725972187204
v -0.00002072367633244518 53.122953341882756 -44.57545194437442
v -15.2457188986873 53.122953341882756 -41.88721975360748
v 15.245680141363664 53.122953341882756 -41.88722944293839
v -0.000011026838699684707 65.16494584444081 -23.718106180655
v 8.112058021784833 65.16494584444081 -22.287733239185386
v -0.000011026838699684707 65.16494584444081 -23.718106180655
v 15.245680141363664 53.122953341882756 -41.88722944293839
v -0.00002072367633244518 53.122953341882756 -44.57545194437442
v 15.245694675360028 65.16494584444081 -18.169132951614287
v 28.652528752116268 53.122953341882756 -34.1467960188438
v 15.245680141363664 53.122953341882756 -41.88722944293839
v 15.245694675360028 65.16494584444081 -18.169132951614287
v 15.245680141363664 53.122953341882756 -41.88722944293839
v 8.112058021784833 65.16494584444081 -22.287733239185386
v 38.603459484168525 53.122953341882756 -22.287752617847207
v 15.245694675360028 65.16494584444081 -18.169132951614287
v 20.54047557499689 65.16494584444081 -11.859067624323856
v 15.245694675360028 65.16494584444081 -18.169132951614287
v 38.603459484168525 53.122953341882756 -22.287752617847207
v 28.652528752116268 53.122953341882756 -34.1467960188438
v 20.54047557499689 65.16494584444081 -11.859067624323856
v 43.89824522847084 53.12295334188275 -7.740478842833215
v 38.603459484168525 53.122953341882756 -22.287752617847207
v 43.89824522847084 53.12295334188275 -7.740478842833215
v 20.54047557499689 65.16494584444081 -11.859067624323856
v 23.35777207580668 65.16494584444081 -4.118623299731993
v 23.35777934280486 65.16494584444081 4.118586964741112
v 43.89824522847084 53.12295334188275 -7.740478842833215
v 23.35777207580668 65.16494584444081 -4.118623299731993
v 43.89824522847084 53.12295334188275 -7.740478842833215
v 23.35777934280486 65.16494584444081 4.118586964741112
v 43.898259762467205 53.12295334188275 7.740410411933692
v 38.60349339682671 53.12295334188274 22.287692059529046
v 23.35777934280486 65.16494584444081 4.118586964741112
v 20.54049253132598 65.16494584444081 11.859034922832066
v 23.35777934280486 65.16494584444081 4.118586964741112
v 38.60349339682671 53.12295334188274 22.287692059529046
v 43.898259762467205 53.12295334188275 7.740410411933692
v 15.245722532186392 65.16494584444081 18.169108728287043
v 28.65258204343627 53.12295334188274 34.14674999452201
v 38.60349339682671 53.12295334188274 22.287692059529046
v 38.60349339682671 53.12295334188274 22.287692059529046
v 20.54049253132598 65.16494584444081 11.859034922832066
v 15.245722532186392 65.16494584444081 18.169108728287043
v 15.245745544347301 53.12295334188274 41.88720521961115
v 15.245722532186392 65.16494584444081 18.169108728287043
v 8.112093145609379 65.16494584444081 22.287721127521777
v 15.245722532186392 65.16494584444081 18.169108728287043
v 15.245745544347301 53.12295334188274 41.88720521961115
v 28.65258204343627 53.12295334188274 34.14674999452201
v 15.245745544347301 53.12295334188274 41.88720521961115
v -0.0000010367513400570867 65.16494584444081 23.718106180655028
v -0.000001948454918488231 53.12295334188274 44.57545194437445
v -0.0000010367513400570867 65.16494584444081 23.718106180655028
v 15.245745544347301 53.12295334188274 41.88720521961115
v 8.112093145609379 65.16494584444081 22.287721127521777
v 0 69.34708876411423 1.5398146927328822e-14
v -8.112072555781197 65.16494584444081 22.28772839451996
v -0.0000010367513400570867 65.16494584444081 23.718106180655028
v 0 69.34708876411423 1.5398146927328822e-14
v -15.2457055758573 65.16494584444081 18.169123262283406
v -8.112072555781197 65.16494584444081 22.28772839451996
v 0 69.34708876411423 1.5398146927328822e-14
v -20.540482841995072 65.16494584444081 11.859054301493885
v -15.2457055758573 65.16494584444081 18.169123262283406
v 0 69.34708876411423 1.5398146927328822e-14
v -23.357774498139406 65.16494584444081 4.118608765735658
v -20.540482841995072 65.16494584444081 11.859054301493885
v 0 69.34708876411423 1.5398146927328822e-14
v -23.357776920472133 65.16494584444081 -4.118601801529039
v -23.357774498139406 65.16494584444081 4.118608765735658
v 0 69.34708876411423 1.5398146927328822e-14
v -20.5404852643278 65.16494584444081 -11.859048245662038
v -23.357776920472133 65.16494584444081 -4.118601801529039
v 0 69.34708876411423 1.5398146927328822e-14
v -15.245711631689119 65.16494584444081 -18.169119628784287
v -20.5404852643278 65.16494584444081 -11.859048245662038
v 0 69.34708876411423 1.5398146927328822e-14
v -8.112078611613015 65.16494584444081 -22.287725972187204
v -15.245711631689119 65.16494584444081 -18.169119628784287
v 0 69.34708876411423 1.5398146927328822e-14
v -0.000011026838699684707 65.16494584444081 -23.718106180655
v -8.112078611613015 65.16494584444081 -22.287725972187204
v 0 69.34708876411423 1.5398146927328822e-14
v 8.112058021784833 65.16494584444081 -22.287733239185386
v -0.000011026838699684707 65.16494584444081 -23.718106180655
v 0 69.34708876411423 1.5398146927328822e-14
v 15.245694675360028 65.16494584444081 -18.169132951614287
v 8.112058021784833 65.16494584444081 -22.287733239185386
v 0 69.34708876411423 1.5398146927328822e-14
v 20.54047557499689 65.16494584444081 -11.859067624323856
v 15.245694675360028 65.16494584444081 -18.169132951614287
v 0 69.34708876411423 1.5398146927328822e-14
v 23.35777207580668 65.16494584444081 -4.118623299731993
v 20.54047557499689 65.16494584444081 -11.859067624323856
v 0 69.34708876411423 1.5398146927328822e-14
v 23.35777934280486 65.16494584444081 4.118586964741112
v 23.35777207580668 65.16494584444081 -4.118623299731993
v 0 69.34708876411423 1.5398146927328822e-14
v 20.54049253132598 65.16494584444081 11.859034922832066
v 23.35777934280486 65.16494584444081 4.118586964741112
v 0 69.34708876411423 1.5398146927328822e-14
v 15.245722532186392 65.16494584444081 18.169108728287043
v 20.54049253132598 65.16494584444081 11.859034922832066
v 0 69.34708876411423 1.5398146927328822e-14
v 8.112093145609379 65.16494584444081 22.287721127521777
v 15.245722532186392 65.16494584444081 18.169108728287043
v 0 69.34708876411423 1.5398146927328822e-14
v -0.0000010367513400570867 65.16494584444081 23.718106180655028
v 8.112093145609379 65.16494584444081 22.287721127521777
vt 0 1
vt 0 0.8888888955116272
vt 0.0555555559694767 0.8888888955116272
vt 0.0555555559694767 1
vt 0.0555555559694767 0.8888888955116272
vt 0.1111111119389534 0.8888888955116272
vt 0.1111111119389534 1
vt 0.1111111119389534 0.8888888955116272
vt 0.1666666716337204 0.8888888955116272
vt 0.1666666716337204 1
vt 0.1666666716337204 0.8888888955116272
vt 0.2222222238779068 0.8888888955116272
vt 0.2222222238779068 1
vt 0.2222222238779068 0.8888888955116272
vt 0.2777777910232544 0.8888888955116272
vt 0.2777777910232544 1
vt 0.2777777910232544 0.8888888955116272
vt 0.3333333432674408 0.8888888955116272
vt 0.3333333432674408 1
vt 0.3333333432674408 0.8888888955116272
vt 0.3888888657093048 0.8888888955116272
vt 0.3888888657093048 1
vt 0.3888888657093048 0.8888888955116272
vt 0.4444444179534912 0.8888888955116272
vt 0.4444444179534912 1
vt 0.4444444179534912 0.8888888955116272
vt 0.4999999701976776 0.8888888955116272
vt 0.4999999701976776 1
vt 0.4999999701976776 0.8888888955116272
vt 0.555555522441864 0.8888888955116272
vt 0.555555522441864 1
vt 0.555555522441864 0.8888888955116272
vt 0.611111044883728 0.8888888955116272
vt 0.611111044883728 1
vt 0.611111044883728 0.8888888955116272
vt 0.666666567325592 0.8888888955116272
vt 0.666666567325592 1
vt 0.666666567325592 0.8888888955116272
vt 0.7222221493721008 0.8888888955116272
vt 0.7222221493721008 1
vt 0.7222221493721008 0.8888888955116272
vt 0.7777776718139648 0.8888888955116272
vt 0.7777776718139648 1
vt 0.7777776718139648 0.8888888955116272
vt 0.8333331942558289 0.8888888955116272
vt 0.8333331942558289 1
vt 0.8333331942558289 0.8888888955116272
vt 0.8888887763023376 0.8888888955116272
vt 0.8888887763023376 1
vt 0.8888887763023376 0.8888888955116272
vt 0.9444442987442017 0.8888888955116272
vt 0.9444442987442017 1
vt 0.9444442987442017 0.8888888955116272
vt 0.9999998211860657 0.8888888955116272
vt 0 0.7777777910232544
vt 0.0555555559694767 0.8888888955116272
vt 0 0.8888888955116272
vt 0.0555555559694767 0.8888888955116272
vt 0 0.7777777910232544
vt 0.0555555559694767 0.7777777910232544
vt 0.1111111119389534 0.7777777910232544
vt 0.1111111119389534 0.8888888955116272
vt 0.0555555559694767 0.8888888955116272
vt 0.1111111119389534 0.7777777910232544
vt 0.0555555559694767 0.8888888955116272
vt 0.0555555559694767 0.7777777910232544
vt 0.1666666716337204 0.8888888955116272
vt 0.1111111119389534 0.7777777910232544
vt 0.1666666716337204 0.7777777910232544
vt 0.1111111119389534 0.7777777910232544
vt 0.1666666716337204 0.8888888955116272
vt 0.1111111119389534 0.8888888955116272
vt 0.1666666716337204 0.8888888955116272
vt 0.1666666716337204 0.7777777910232544
vt 0.2222222238779068 0.7777777910232544
vt 0.1666666716337204 0.8888888955116272
vt 0.2222222238779068 0.7777777910232544
vt 0.2222222238779068 0.8888888955116272
vt 0.2222222238779068 0.7777777910232544
vt 0.2777777910232544 0.8888888955116272
vt 0.2222222238779068 0.8888888955116272
vt 0.2777777910232544 0.8888888955116272
vt 0.2222222238779068 0.7777777910232544
vt 0.2777777910232544 0.7777777910232544
vt 0.3333333432674408 0.7777777910232544
vt 0.2777777910232544 0.8888888955116272
vt 0.2777777910232544 0.7777777910232544
vt 0.2777777910232544 0.8888888955116272
vt 0.3333333432674408 0.7777777910232544
vt 0.3333333432674408 0.8888888955116272
vt 0.3333333432674408 0.7777777910232544
vt 0.3888888657093048 0.8888888955116272
vt 0.3333333432674408 0.8888888955116272
vt 0.3888888657093048 0.8888888955116272
vt 0.3333333432674408 0.7777777910232544
vt 0.3888888657093048 0.7777777910232544
vt 0.4444444179534912 0.8888888955116272
vt 0.3888888657093048 0.7777777910232544
vt 0.4444444179534912 0.7777777910232544
vt 0.3888888657093048 0.7777777910232544
vt 0.4444444179534912 0.8888888955116272
vt 0.3888888657093048 0.8888888955116272
vt 0.4999999701976776 0.7777777910232544
vt 0.4999999701976776 0.8888888955116272
vt 0.4444444179534912 0.8888888955116272
vt 0.4444444179534912 0.8888888955116272
vt 0.4444444179534912 0.7777777910232544
vt 0.4999999701976776 0.7777777910232544
vt 0.4999999701976776 0.8888888955116272
vt 0.4999999701976776 0.7777777910232544
vt 0.555555522441864 0.7777777910232544
vt 0.4999999701976776 0.8888888955116272
vt 0.555555522441864 0.7777777910232544
vt 0.555555522441864 0.8888888955116272
vt 0.555555522441864 0.7777777910232544
vt 0.611111044883728 0.8888888955116272
vt 0.555555522441864 0.8888888955116272
vt 0.611111044883728 0.8888888955116272
vt 0.555555522441864 0.7777777910232544
vt 0.611111044883728 0.7777777910232544
vt 0.666666567325592 0.7777777910232544
vt 0.611111044883728 0.8888888955116272
vt 0.611111044883728 0.7777777910232544
vt 0.611111044883728 0.8888888955116272
vt 0.666666567325592 0.7777777910232544
vt 0.666666567325592 0.8888888955116272
vt 0.7222221493721008 0.7777777910232544
vt 0.666666567325592 0.8888888955116272
vt 0.666666567325592 0.7777777910232544
vt 0.666666567325592 0.8888888955116272
vt 0.7222221493721008 0.7777777910232544
vt 0.7222221493721008 0.8888888955116272
vt 0.7777776718139648 0.8888888955116272
vt 0.7222221493721008 0.7777777910232544
vt 0.7777776718139648 0.7777777910232544
vt 0.7222221493721008 0.7777777910232544
vt 0.7777776718139648 0.8888888955116272
vt 0.7222221493721008 0.8888888955116272
vt 0.8333331942558289 0.7777777910232544
vt 0.8333331942558289 0.8888888955116272
vt 0.7777776718139648 0.8888888955116272
vt 0.7777776718139648 0.8888888955116272
vt 0.7777776718139648 0.7777777910232544
vt 0.8333331942558289 0.7777777910232544
vt 0.8333331942558289 0.8888888955116272
vt 0.8333331942558289 0.7777777910232544
vt 0.8888887763023376 0.7777777910232544
vt 0.8333331942558289 0.8888888955116272
vt 0.8888887763023376 0.7777777910232544
vt 0.8888887763023376 0.8888888955116272
vt 0.8888887763023376 0.7777777910232544
vt 0.9444442987442017 0.7777777910232544
vt 0.8888887763023376 0.8888888955116272
vt 0.8888887763023376 0.8888888955116272
vt 0.9444442987442017 0.7777777910232544
vt 0.9444442987442017 0.8888888955116272
vt 0.9444442987442017 0.7777777910232544
vt 0.9999998211860657 0.8888888955116272
vt 0.9444442987442017 0.8888888955116272
vt 0.9999998211860657 0.8888888955116272
vt 0.9444442987442017 0.7777777910232544
vt 0.9999998211860657 0.7777777910232544
vt 0 0.6666666269302368
vt 0.0555555559694767 0.7777777910232544
vt 0 0.7777777910232544
vt 0.0555555559694767 0.7777777910232544
vt 0 0.6666666269302368
vt 0.0555555559694767 0.6666666269302368
vt 0.0555555559694767 0.6666666269302368
vt 0.1111111119389534 0.7777777910232544
vt 0.0555555559694767 0.7777777910232544
vt 0.1111111119389534 0.7777777910232544
vt 0.0555555559694767 0.6666666269302368
vt 0.1111111119389534 0.6666666269302368
vt 0.1666666716337204 0.7777777910232544
vt 0.1111111119389534 0.7777777910232544
vt 0.1666666716337204 0.6666666269302368
vt 0.1111111119389534 0.7777777910232544
vt 0.1111111119389534 0.6666666269302368
vt 0.1666666716337204 0.6666666269302368
vt 0.2222222238779068 0.7777777910232544
vt 0.1666666716337204 0.7777777910232544
vt 0.2222222238779068 0.6666666269302368
vt 0.1666666716337204 0.7777777910232544
vt 0.1666666716337204 0.6666666269302368
vt 0.2222222238779068 0.6666666269302368
vt 0.2777777910232544 0.7777777910232544
vt 0.2222222238779068 0.7777777910232544
vt 0.2777777910232544 0.6666666269302368
vt 0.2222222238779068 0.7777777910232544
vt 0.2222222238779068 0.6666666269302368
vt 0.2777777910232544 0.6666666269302368
vt 0.2777777910232544 0.6666666269302368
vt 0.3333333432674408 0.7777777910232544
vt 0.2777777910232544 0.7777777910232544
vt 0.3333333432674408 0.7777777910232544
vt 0.2777777910232544 0.6666666269302368
vt 0.3333333432674408 0.6666666269302368
vt 0.3333333432674408 0.6666666269302368
vt 0.3888888657093048 0.7777777910232544
vt 0.3333333432674408 0.7777777910232544
vt 0.3888888657093048 0.7777777910232544
vt 0.3333333432674408 0.6666666269302368
vt 0.3888888657093048 0.6666666269302368
vt 0.4444444179534912 0.6666666269302368
vt 0.4444444179534912 0.7777777910232544
vt 0.3888888657093048 0.7777777910232544
vt 0.3888888657093048 0.7777777910232544
vt 0.3888888657093048 0.6666666269302368
vt 0.4444444179534912 0.6666666269302368
vt 0.4999999701976776 0.7777777910232544
vt 0.4444444179534912 0.7777777910232544
vt 0.4999999701976776 0.6666666269302368
vt 0.4444444179534912 0.7777777910232544
vt 0.4444444179534912 0.6666666269302368
vt 0.4999999701976776 0.6666666269302368
vt 0.4999999701976776 0.6666666269302368
vt 0.555555522441864 0.7777777910232544
vt 0.4999999701976776 0.7777777910232544
vt 0.555555522441864 0.7777777910232544
vt 0.4999999701976776 0.6666666269302368
vt 0.555555522441864 0.6666666269302368
vt 0.555555522441864 0.6666666269302368
vt 0.611111044883728 0.7777777910232544
vt 0.555555522441864 0.7777777910232544
vt 0.611111044883728 0.7777777910232544
vt 0.555555522441864 0.6666666269302368
vt 0.611111044883728 0.6666666269302368
vt 0.666666567325592 0.6666666269302368
vt 0.611111044883728 0.7777777910232544
vt 0.611111044883728 0.6666666269302368
vt 0.611111044883728 0.7777777910232544
vt 0.666666567325592 0.6666666269302368
vt 0.666666567325592 0.7777777910232544
vt 0.7222221493721008 0.7777777910232544
vt 0.666666567325592 0.7777777910232544
vt 0.7222221493721008 0.6666666269302368
vt 0.666666567325592 0.7777777910232544
vt 0.666666567325592 0.6666666269302368
vt 0.7222221493721008 0.6666666269302368
vt 0.7777776718139648 0.7777777910232544
vt 0.7222221493721008 0.7777777910232544
vt 0.7777776718139648 0.6666666269302368
vt 0.7222221493721008 0.7777777910232544
vt 0.7222221493721008 0.6666666269302368
vt 0.7777776718139648 0.6666666269302368
vt 0.7777776718139648 0.6666666269302368
vt 0.8333331942558289 0.7777777910232544
vt 0.7777776718139648 0.7777777910232544
vt 0.8333331942558289 0.7777777910232544
vt 0.7777776718139648 0.6666666269302368
vt 0.8333331942558289 0.6666666269302368
vt 0.8333331942558289 0.6666666269302368
vt 0.8888887763023376 0.6666666269302368
vt 0.8333331942558289 0.7777777910232544
vt 0.8333331942558289 0.7777777910232544
vt 0.8888887763023376 0.6666666269302368
vt 0.8888887763023376 0.7777777910232544
vt 0.9444442987442017 0.6666666269302368
vt 0.9444442987442017 0.7777777910232544
vt 0.8888887763023376 0.7777777910232544
vt 0.8888887763023376 0.7777777910232544
vt 0.8888887763023376 0.6666666269302368
vt 0.9444442987442017 0.6666666269302368
vt 0.9999998211860657 0.7777777910232544
vt 0.9444442987442017 0.7777777910232544
vt 0.9999998211860657 0.6666666269302368
vt 0.9444442987442017 0.7777777910232544
vt 0.9444442987442017 0.6666666269302368
vt 0.9999998211860657 0.6666666269302368
vt 0.0555555559694767 0.6666666269302368
vt 0 0.5555555820465088
vt 0.0555555559694767 0.5555555820465088
vt 0 0.5555555820465088
vt 0.0555555559694767 0.6666666269302368
vt 0 0.6666666269302368
vt 0.0555555559694767 0.5555555820465088
vt 0.1111111119389534 0.6666666269302368
vt 0.0555555559694767 0.6666666269302368
vt 0.1111111119389534 0.6666666269302368
vt 0.0555555559694767 0.5555555820465088
vt 0.1111111119389534 0.5555555820465088
vt 0.1666666716337204 0.5555555820465088
vt 0.1666666716337204 0.6666666269302368
vt 0.1111111119389534 0.6666666269302368
vt 0.1111111119389534 0.6666666269302368
vt 0.1111111119389534 0.5555555820465088
vt 0.1666666716337204 0.5555555820465088
vt 0.2222222238779068 0.6666666269302368
vt 0.1666666716337204 0.6666666269302368
vt 0.2222222238779068 0.5555555820465088
vt 0.1666666716337204 0.6666666269302368
vt 0.1666666716337204 0.5555555820465088
vt 0.2222222238779068 0.5555555820465088
vt 0.2777777910232544 0.6666666269302368
vt 0.2222222238779068 0.6666666269302368
vt 0.2777777910232544 0.5555555820465088
vt 0.2222222238779068 0.6666666269302368
vt 0.2222222238779068 0.5555555820465088
vt 0.2777777910232544 0.5555555820465088
vt 0.2777777910232544 0.5555555820465088
vt 0.3333333432674408 0.6666666269302368
vt 0.2777777910232544 0.6666666269302368
vt 0.3333333432674408 0.6666666269302368
vt 0.2777777910232544 0.5555555820465088
vt 0.3333333432674408 0.5555555820465088
vt 0.3333333432674408 0.5555555820465088
vt 0.3888888657093048 0.6666666269302368
vt 0.3333333432674408 0.6666666269302368
vt 0.3888888657093048 0.6666666269302368
vt 0.3333333432674408 0.5555555820465088
vt 0.3888888657093048 0.5555555820465088
vt 0.4444444179534912 0.6666666269302368
vt 0.3888888657093048 0.6666666269302368
vt 0.4444444179534912 0.5555555820465088
vt 0.3888888657093048 0.6666666269302368
vt 0.3888888657093048 0.5555555820465088
vt 0.4444444179534912 0.5555555820465088
vt 0.4999999701976776 0.6666666269302368
vt 0.4444444179534912 0.6666666269302368
vt 0.4999999701976776 0.5555555820465088
vt 0.4444444179534912 0.6666666269302368
vt 0.4444444179534912 0.5555555820465088
vt 0.4999999701976776 0.5555555820465088
vt 0.555555522441864 0.6666666269302368
vt 0.4999999701976776 0.5555555820465088
vt 0.555555522441864 0.5555555820465088
vt 0.4999999701976776 0.5555555820465088
vt 0.555555522441864 0.6666666269302368
vt 0.4999999701976776 0.6666666269302368
vt 0.555555522441864 0.5555555820465088
vt 0.611111044883728 0.6666666269302368
vt 0.555555522441864 0.6666666269302368
vt 0.611111044883728 0.6666666269302368
vt 0.555555522441864 0.5555555820465088
vt 0.611111044883728 0.5555555820465088
vt 0.666666567325592 0.5555555820465088
vt 0.666666567325592 0.6666666269302368
vt 0.611111044883728 0.6666666269302368
vt 0.611111044883728 0.6666666269302368
vt 0.611111044883728 0.5555555820465088
vt 0.666666567325592 0.5555555820465088
vt 0.7222221493721008 0.6666666269302368
vt 0.666666567325592 0.6666666269302368
vt 0.7222221493721008 0.5555555820465088
vt 0.666666567325592 0.6666666269302368
vt 0.666666567325592 0.5555555820465088
vt 0.7222221493721008 0.5555555820465088
vt 0.7777776718139648 0.6666666269302368
vt 0.7222221493721008 0.6666666269302368
vt 0.7777776718139648 0.5555555820465088
vt 0.7222221493721008 0.6666666269302368
vt 0.7222221493721008 0.5555555820465088
vt 0.7777776718139648 0.5555555820465088
vt 0.7777776718139648 0.5555555820465088
vt 0.8333331942558289 0.6666666269302368
vt 0.7777776718139648 0.6666666269302368
vt 0.8333331942558289 0.6666666269302368
vt 0.7777776718139648 0.5555555820465088
vt 0.8333331942558289 0.5555555820465088
vt 0.8333331942558289 0.5555555820465088
vt 0.8888887763023376 0.6666666269302368
vt 0.8333331942558289 0.6666666269302368
vt 0.8888887763023376 0.6666666269302368
vt 0.8333331942558289 0.5555555820465088
vt 0.8888887763023376 0.5555555820465088
vt 0.9444442987442017 0.6666666269302368
vt 0.8888887763023376 0.6666666269302368
vt 0.9444442987442017 0.5555555820465088
vt 0.8888887763023376 0.6666666269302368
vt 0.8888887763023376 0.5555555820465088
vt 0.9444442987442017 0.5555555820465088
vt 0.9999998211860657 0.6666666269302368
vt 0.9444442987442017 0.6666666269302368
vt 0.9999998211860657 0.5555555820465088
vt 0.9444442987442017 0.6666666269302368
vt 0.9444442987442017 0.5555555820465088
vt 0.9999998211860657 0.5555555820465088
vt 0.0555555559694767 0.5555555820465088
vt 0 0.5555555820465088
vt 0.0555555559694767 0.4444444179534912
vt 0 0.5555555820465088
vt 0 0.4444444179534912
vt 0.0555555559694767 0.4444444179534912
vt 0.1111111119389534 0.5555555820465088
vt 0.0555555559694767 0.5555555820465088
vt 0.1111111119389534 0.4444444179534912
vt 0.0555555559694767 0.5555555820465088
vt 0.0555555559694767 0.4444444179534912
vt 0.1111111119389534 0.4444444179534912
vt 0.1666666716337204 0.5555555820465088
vt 0.1111111119389534 0.4444444179534912
vt 0.1666666716337204 0.4444444179534912
vt 0.1111111119389534 0.4444444179534912
vt 0.1666666716337204 0.5555555820465088
vt 0.1111111119389534 0.5555555820465088
vt 0.2222222238779068 0.5555555820465088
vt 0.1666666716337204 0.4444444179534912
vt 0.2222222238779068 0.4444444179534912
vt 0.1666666716337204 0.4444444179534912
vt 0.2222222238779068 0.5555555820465088
vt 0.1666666716337204 0.5555555820465088
vt 0.2777777910232544 0.5555555820465088
vt 0.2222222238779068 0.4444444179534912
vt 0.2777777910232544 0.4444444179534912
vt 0.2222222238779068 0.4444444179534912
vt 0.2777777910232544 0.5555555820465088
vt 0.2222222238779068 0.5555555820465088
vt 0.3333333432674408 0.5555555820465088
vt 0.2777777910232544 0.5555555820465088
vt 0.3333333432674408 0.4444444179534912
vt 0.2777777910232544 0.5555555820465088
vt 0.2777777910232544 0.4444444179534912
vt 0.3333333432674408 0.4444444179534912
vt 0.3888888657093048 0.5555555820465088
vt 0.3333333432674408 0.5555555820465088
vt 0.3888888657093048 0.4444444179534912
vt 0.3333333432674408 0.5555555820465088
vt 0.3333333432674408 0.4444444179534912
vt 0.3888888657093048 0.4444444179534912
vt 0.4444444179534912 0.5555555820465088
vt 0.3888888657093048 0.4444444179534912
vt 0.4444444179534912 0.4444444179534912
vt 0.3888888657093048 0.4444444179534912
vt 0.4444444179534912 0.5555555820465088
vt 0.3888888657093048 0.5555555820465088
vt 0.4999999701976776 0.5555555820465088
vt 0.4444444179534912 0.4444444179534912
vt 0.4999999701976776 0.4444444179534912
vt 0.4444444179534912 0.4444444179534912
vt 0.4999999701976776 0.5555555820465088
vt 0.4444444179534912 0.5555555820465088
vt 0.555555522441864 0.5555555820465088
vt 0.4999999701976776 0.5555555820465088
vt 0.555555522441864 0.4444444179534912
vt 0.4999999701976776 0.5555555820465088
vt 0.4999999701976776 0.4444444179534912
vt 0.555555522441864 0.4444444179534912
vt 0.611111044883728 0.5555555820465088
vt 0.555555522441864 0.5555555820465088
vt 0.611111044883728 0.4444444179534912
vt 0.555555522441864 0.5555555820465088
vt 0.555555522441864 0.4444444179534912
vt 0.611111044883728 0.4444444179534912
vt 0.666666567325592 0.5555555820465088
vt 0.611111044883728 0.4444444179534912
vt 0.666666567325592 0.4444444179534912
vt 0.611111044883728 0.4444444179534912
vt 0.666666567325592 0.5555555820465088
vt 0.611111044883728 0.5555555820465088
vt 0.7222221493721008 0.5555555820465088
vt 0.666666567325592 0.4444444179534912
vt 0.7222221493721008 0.4444444179534912
vt 0.666666567325592 0.4444444179534912
vt 0.7222221493721008 0.5555555820465088
vt 0.666666567325592 0.5555555820465088
vt 0.7777776718139648 0.5555555820465088
vt 0.7222221493721008 0.5555555820465088
vt 0.7777776718139648 0.4444444179534912
vt 0.7222221493721008 0.5555555820465088
vt 0.7222221493721008 0.4444444179534912
vt 0.7777776718139648 0.4444444179534912
vt 0.8333331942558289 0.5555555820465088
vt 0.7777776718139648 0.5555555820465088
vt 0.8333331942558289 0.4444444179534912
vt 0.7777776718139648 0.5555555820465088
vt 0.7777776718139648 0.4444444179534912
vt 0.8333331942558289 0.4444444179534912
vt 0.8888887763023376 0.5555555820465088
vt 0.8333331942558289 0.5555555820465088
vt 0.8888887763023376 0.4444444179534912
vt 0.8333331942558289 0.5555555820465088
vt 0.8333331942558289 0.4444444179534912
vt 0.8888887763023376 0.4444444179534912
vt 0.9444442987442017 0.5555555820465088
vt 0.8888887763023376 0.4444444179534912
vt 0.9444442987442017 0.4444444179534912
vt 0.8888887763023376 0.4444444179534912
vt 0.9444442987442017 0.5555555820465088
vt 0.8888887763023376 0.5555555820465088
vt 0.9999998211860657 0.5555555820465088
vt 0.9444442987442017 0.4444444179534912
vt 0.9999998211860657 0.4444444179534912
vt 0.9444442987442017 0.4444444179534912
vt 0.9999998211860657 0.5555555820465088
vt 0.9444442987442017 0.5555555820465088
vt 0.0555555559694767 0.4444444179534912
vt 0 0.4444444179534912
vt 0.0555555559694767 0.3333333134651184
vt 0 0.4444444179534912
vt 0 0.3333333134651184
vt 0.0555555559694767 0.3333333134651184
vt 0.1111111119389534 0.4444444179534912
vt 0.0555555559694767 0.4444444179534912
vt 0.1111111119389534 0.3333333134651184
vt 0.0555555559694767 0.4444444179534912
vt 0.0555555559694767 0.3333333134651184
vt 0.1111111119389534 0.3333333134651184
vt 0.1111111119389534 0.3333333134651184
vt 0.1666666716337204 0.4444444179534912
vt 0.1111111119389534 0.4444444179534912
vt 0.1666666716337204 0.4444444179534912
vt 0.1111111119389534 0.3333333134651184
vt 0.1666666716337204 0.3333333134651184
vt 0.2222222238779068 0.4444444179534912
vt 0.1666666716337204 0.3333333134651184
vt 0.2222222238779068 0.3333333134651184
vt 0.1666666716337204 0.3333333134651184
vt 0.2222222238779068 0.4444444179534912
vt 0.1666666716337204 0.4444444179534912
vt 0.2777777910232544 0.4444444179534912
vt 0.2222222238779068 0.3333333134651184
vt 0.2777777910232544 0.3333333134651184
vt 0.2222222238779068 0.3333333134651184
vt 0.2777777910232544 0.4444444179534912
vt 0.2222222238779068 0.4444444179534912
vt 0.3333333432674408 0.4444444179534912
vt 0.2777777910232544 0.4444444179534912
vt 0.3333333432674408 0.3333333134651184
vt 0.2777777910232544 0.4444444179534912
vt 0.2777777910232544 0.3333333134651184
vt 0.3333333432674408 0.3333333134651184
vt 0.3888888657093048 0.3333333134651184
vt 0.3888888657093048 0.4444444179534912
vt 0.3333333432674408 0.4444444179534912
vt 0.3333333432674408 0.4444444179534912
vt 0.3333333432674408 0.3333333134651184
vt 0.3888888657093048 0.3333333134651184
vt 0.4444444179534912 0.4444444179534912
vt 0.3888888657093048 0.3333333134651184
vt 0.4444444179534912 0.3333333134651184
vt 0.3888888657093048 0.3333333134651184
vt 0.4444444179534912 0.4444444179534912
vt 0.3888888657093048 0.4444444179534912
vt 0.4999999701976776 0.4444444179534912
vt 0.4444444179534912 0.3333333134651184
vt 0.4999999701976776 0.3333333134651184
vt 0.4444444179534912 0.3333333134651184
vt 0.4999999701976776 0.4444444179534912
vt 0.4444444179534912 0.4444444179534912
vt 0.555555522441864 0.4444444179534912
vt 0.4999999701976776 0.4444444179534912
vt 0.555555522441864 0.3333333134651184
vt 0.4999999701976776 0.4444444179534912
vt 0.4999999701976776 0.3333333134651184
vt 0.555555522441864 0.3333333134651184
vt 0.611111044883728 0.4444444179534912
vt 0.555555522441864 0.4444444179534912
vt 0.611111044883728 0.3333333134651184
vt 0.555555522441864 0.4444444179534912
vt 0.555555522441864 0.3333333134651184
vt 0.611111044883728 0.3333333134651184
vt 0.611111044883728 0.3333333134651184
vt 0.666666567325592 0.4444444179534912
vt 0.611111044883728 0.4444444179534912
vt 0.666666567325592 0.4444444179534912
vt 0.611111044883728 0.3333333134651184
vt 0.666666567325592 0.3333333134651184
vt 0.7222221493721008 0.4444444179534912
vt 0.666666567325592 0.3333333134651184
vt 0.7222221493721008 0.3333333134651184
vt 0.666666567325592 0.3333333134651184
vt 0.7222221493721008 0.4444444179534912
vt 0.666666567325592 0.4444444179534912
vt 0.7777776718139648 0.4444444179534912
vt 0.7222221493721008 0.3333333134651184
vt 0.7777776718139648 0.3333333134651184
vt 0.7222221493721008 0.3333333134651184
vt 0.7777776718139648 0.4444444179534912
vt 0.7222221493721008 0.4444444179534912
vt 0.8333331942558289 0.4444444179534912
vt 0.7777776718139648 0.4444444179534912
vt 0.8333331942558289 0.3333333134651184
vt 0.7777776718139648 0.4444444179534912
vt 0.7777776718139648 0.3333333134651184
vt 0.8333331942558289 0.3333333134651184
vt 0.8888887763023376 0.3333333134651184
vt 0.8888887763023376 0.4444444179534912
vt 0.8333331942558289 0.4444444179534912
vt 0.8333331942558289 0.4444444179534912
vt 0.8333331942558289 0.3333333134651184
vt 0.8888887763023376 0.3333333134651184
vt 0.9444442987442017 0.4444444179534912
vt 0.8888887763023376 0.3333333134651184
vt 0.9444442987442017 0.3333333134651184
vt 0.8888887763023376 0.3333333134651184
vt 0.9444442987442017 0.4444444179534912
vt 0.8888887763023376 0.4444444179534912
vt 0.9999998211860657 0.4444444179534912
vt 0.9444442987442017 0.3333333134651184
vt 0.9999998211860657 0.3333333134651184
vt 0.9444442987442017 0.3333333134651184
vt 0.9999998211860657 0.4444444179534912
vt 0.9444442987442017 0.4444444179534912
vt 0.0555555559694767 0.3333333134651184
vt 0 0.3333333134651184
vt 0.0555555559694767 0.22222226858139038
vt 0 0.3333333134651184
vt 0 0.22222226858139038
vt 0.0555555559694767 0.22222226858139038
vt 0.1111111119389534 0.22222226858139038
vt 0.1111111119389534 0.3333333134651184
vt 0.0555555559694767 0.3333333134651184
vt 0.0555555559694767 0.3333333134651184
vt 0.0555555559694767 0.22222226858139038
vt 0.1111111119389534 0.22222226858139038
vt 0.1666666716337204 0.3333333134651184
vt 0.1111111119389534 0.22222226858139038
vt 0.1666666716337204 0.22222226858139038
vt 0.1111111119389534 0.22222226858139038
vt 0.1666666716337204 0.3333333134651184
vt 0.1111111119389534 0.3333333134651184
vt 0.2222222238779068 0.3333333134651184
vt 0.1666666716337204 0.22222226858139038
vt 0.2222222238779068 0.22222226858139038
vt 0.1666666716337204 0.22222226858139038
vt 0.2222222238779068 0.3333333134651184
vt 0.1666666716337204 0.3333333134651184
vt 0.2777777910232544 0.3333333134651184
vt 0.2222222238779068 0.22222226858139038
vt 0.2777777910232544 0.22222226858139038
vt 0.2222222238779068 0.22222226858139038
vt 0.2777777910232544 0.3333333134651184
vt 0.2222222238779068 0.3333333134651184
vt 0.3333333432674408 0.3333333134651184
vt 0.2777777910232544 0.3333333134651184
vt 0.3333333432674408 0.22222226858139038
vt 0.2777777910232544 0.3333333134651184
vt 0.2777777910232544 0.22222226858139038
vt 0.3333333432674408 0.22222226858139038
vt 0.3888888657093048 0.22222226858139038
vt 0.3333333432674408 0.3333333134651184
vt 0.3333333432674408 0.22222226858139038
vt 0.3333333432674408 0.3333333134651184
vt 0.3888888657093048 0.22222226858139038
vt 0.3888888657093048 0.3333333134651184
vt 0.3888888657093048 0.22222226858139038
vt 0.4444444179534912 0.3333333134651184
vt 0.3888888657093048 0.3333333134651184
vt 0.4444444179534912 0.3333333134651184
vt 0.3888888657093048 0.22222226858139038
vt 0.4444444179534912 0.22222226858139038
vt 0.4999999701976776 0.3333333134651184
vt 0.4444444179534912 0.22222226858139038
vt 0.4999999701976776 0.22222226858139038
vt 0.4444444179534912 0.22222226858139038
vt 0.4999999701976776 0.3333333134651184
vt 0.4444444179534912 0.3333333134651184
vt 0.555555522441864 0.3333333134651184
vt 0.4999999701976776 0.3333333134651184
vt 0.555555522441864 0.22222226858139038
vt 0.4999999701976776 0.3333333134651184
vt 0.4999999701976776 0.22222226858139038
vt 0.555555522441864 0.22222226858139038
vt 0.611111044883728 0.22222226858139038
vt 0.611111044883728 0.3333333134651184
vt 0.555555522441864 0.3333333134651184
vt 0.555555522441864 0.3333333134651184
vt 0.555555522441864 0.22222226858139038
vt 0.611111044883728 0.22222226858139038
vt 0.666666567325592 0.3333333134651184
vt 0.611111044883728 0.22222226858139038
vt 0.666666567325592 0.22222226858139038
vt 0.611111044883728 0.22222226858139038
vt 0.666666567325592 0.3333333134651184
vt 0.611111044883728 0.3333333134651184
vt 0.7222221493721008 0.3333333134651184
vt 0.666666567325592 0.22222226858139038
vt 0.7222221493721008 0.22222226858139038
vt 0.666666567325592 0.22222226858139038
vt 0.7222221493721008 0.3333333134651184
vt 0.666666567325592 0.3333333134651184
vt 0.7777776718139648 0.3333333134651184
vt 0.7222221493721008 0.22222226858139038
vt 0.7777776718139648 0.22222226858139038
vt 0.7222221493721008 0.22222226858139038
vt 0.7777776718139648 0.3333333134651184
vt 0.7222221493721008 0.3333333134651184
vt 0.8333331942558289 0.3333333134651184
vt 0.7777776718139648 0.3333333134651184
vt 0.8333331942558289 0.22222226858139038
vt 0.7777776718139648 0.3333333134651184
vt 0.7777776718139648 0.22222226858139038
vt 0.8333331942558289 0.22222226858139038
vt 0.8888887763023376 0.3333333134651184
vt 0.8333331942558289 0.22222226858139038
vt 0.8888887763023376 0.22222226858139038
vt 0.8333331942558289 0.22222226858139038
vt 0.8888887763023376 0.3333333134651184
vt 0.8333331942558289 0.3333333134651184
vt 0.8888887763023376 0.22222226858139038
vt 0.9444442987442017 0.3333333134651184
vt 0.8888887763023376 0.3333333134651184
vt 0.9444442987442017 0.3333333134651184
vt 0.8888887763023376 0.22222226858139038
vt 0.9444442987442017 0.22222226858139038
vt 0.9999998211860657 0.3333333134651184
vt 0.9444442987442017 0.22222226858139038
vt 0.9999998211860657 0.22222226858139038
vt 0.9444442987442017 0.22222226858139038
vt 0.9999998211860657 0.3333333134651184
vt 0.9444442987442017 0.3333333134651184
vt 0.0555555559694767 0.11111116409301758
vt 0 0.22222226858139038
vt 0 0.11111116409301758
vt 0 0.22222226858139038
vt 0.0555555559694767 0.11111116409301758
vt 0.0555555559694767 0.22222226858139038
vt 0.0555555559694767 0.11111116409301758
vt 0.1111111119389534 0.22222226858139038
vt 0.0555555559694767 0.22222226858139038
vt 0.1111111119389534 0.22222226858139038
vt 0.0555555559694767 0.11111116409301758
vt 0.1111111119389534 0.11111116409301758
vt 0.1666666716337204 0.22222226858139038
vt 0.1111111119389534 0.22222226858139038
vt 0.1666666716337204 0.11111116409301758
vt 0.1111111119389534 0.22222226858139038
vt 0.1111111119389534 0.11111116409301758
vt 0.1666666716337204 0.11111116409301758
vt 0.2222222238779068 0.22222226858139038
vt 0.1666666716337204 0.11111116409301758
vt 0.2222222238779068 0.11111116409301758
vt 0.1666666716337204 0.11111116409301758
vt 0.2222222238779068 0.22222226858139038
vt 0.1666666716337204 0.22222226858139038
vt 0.2777777910232544 0.11111116409301758
vt 0.2777777910232544 0.22222226858139038
vt 0.2222222238779068 0.22222226858139038
vt 0.2777777910232544 0.11111116409301758
vt 0.2222222238779068 0.22222226858139038
vt 0.2222222238779068 0.11111116409301758
vt 0.3333333432674408 0.22222226858139038
vt 0.2777777910232544 0.11111116409301758
vt 0.3333333432674408 0.11111116409301758
vt 0.2777777910232544 0.11111116409301758
vt 0.3333333432674408 0.22222226858139038
vt 0.2777777910232544 0.22222226858139038
vt 0.3888888657093048 0.11111116409301758
vt 0.3333333432674408 0.22222226858139038
vt 0.3333333432674408 0.11111116409301758
vt 0.3333333432674408 0.22222226858139038
vt 0.3888888657093048 0.11111116409301758
vt 0.3888888657093048 0.22222226858139038
vt 0.3888888657093048 0.11111116409301758
vt 0.4444444179534912 0.22222226858139038
vt 0.3888888657093048 0.22222226858139038
vt 0.4444444179534912 0.22222226858139038
vt 0.3888888657093048 0.11111116409301758
vt 0.4444444179534912 0.11111116409301758
vt 0.4999999701976776 0.22222226858139038
vt 0.4444444179534912 0.11111116409301758
vt 0.4999999701976776 0.11111116409301758
vt 0.4444444179534912 0.11111116409301758
vt 0.4999999701976776 0.22222226858139038
vt 0.4444444179534912 0.22222226858139038
vt 0.555555522441864 0.22222226858139038
vt 0.4999999701976776 0.11111116409301758
vt 0.555555522441864 0.11111116409301758
vt 0.4999999701976776 0.11111116409301758
vt 0.555555522441864 0.22222226858139038
vt 0.4999999701976776 0.22222226858139038
vt 0.611111044883728 0.11111116409301758
vt 0.611111044883728 0.22222226858139038
vt 0.555555522441864 0.22222226858139038
vt 0.611111044883728 0.11111116409301758
vt 0.555555522441864 0.22222226858139038
vt 0.555555522441864 0.11111116409301758
vt 0.666666567325592 0.22222226858139038
vt 0.611111044883728 0.11111116409301758
vt 0.666666567325592 0.11111116409301758
vt 0.611111044883728 0.11111116409301758
vt 0.666666567325592 0.22222226858139038
vt 0.611111044883728 0.22222226858139038
vt 0.666666567325592 0.11111116409301758
vt 0.7222221493721008 0.22222226858139038
vt 0.666666567325592 0.22222226858139038
vt 0.7222221493721008 0.22222226858139038
vt 0.666666567325592 0.11111116409301758
vt 0.7222221493721008 0.11111116409301758
vt 0.7777776718139648 0.11111116409301758
vt 0.7222221493721008 0.22222226858139038
vt 0.7222221493721008 0.11111116409301758
vt 0.7222221493721008 0.22222226858139038
vt 0.7777776718139648 0.11111116409301758
vt 0.7777776718139648 0.22222226858139038
vt 0.8333331942558289 0.22222226858139038
vt 0.7777776718139648 0.11111116409301758
vt 0.8333331942558289 0.11111116409301758
vt 0.7777776718139648 0.11111116409301758
vt 0.8333331942558289 0.22222226858139038
vt 0.7777776718139648 0.22222226858139038
vt 0.8888887763023376 0.11111116409301758
vt 0.8888887763023376 0.22222226858139038
vt 0.8333331942558289 0.22222226858139038
vt 0.8333331942558289 0.22222226858139038
vt 0.8333331942558289 0.11111116409301758
vt 0.8888887763023376 0.11111116409301758
vt 0.9444442987442017 0.22222226858139038
vt 0.8888887763023376 0.11111116409301758
vt 0.9444442987442017 0.11111116409301758
vt 0.8888887763023376 0.11111116409301758
vt 0.9444442987442017 0.22222226858139038
vt 0.8888887763023376 0.22222226858139038
vt 0.9444442987442017 0.22222226858139038
vt 0.9999998211860657 0.11111116409301758
vt 0.9999998211860657 0.22222226858139038
vt 0.9999998211860657 0.11111116409301758
vt 0.9444442987442017 0.22222226858139038
vt 0.9444442987442017 0.11111116409301758
vt 0 5.960464477539063e-8
vt 0.0555555559694767 0.11111116409301758
vt 0 0.11111116409301758
vt 0.0555555559694767 5.960464477539063e-8
vt 0.1111111119389534 0.11111116409301758
vt 0.0555555559694767 0.11111116409301758
vt 0.1111111119389534 5.960464477539063e-8
vt 0.1666666716337204 0.11111116409301758
vt 0.1111111119389534 0.11111116409301758
vt 0.1666666716337204 5.960464477539063e-8
vt 0.2222222238779068 0.11111116409301758
vt 0.1666666716337204 0.11111116409301758
vt 0.2222222238779068 5.960464477539063e-8
vt 0.2777777910232544 0.11111116409301758
vt 0.2222222238779068 0.11111116409301758
vt 0.2777777910232544 5.960464477539063e-8
vt 0.3333333432674408 0.11111116409301758
vt 0.2777777910232544 0.11111116409301758
vt 0.3333333432674408 5.960464477539063e-8
vt 0.3888888657093048 0.11111116409301758
vt 0.3333333432674408 0.11111116409301758
vt 0.3888888657093048 5.960464477539063e-8
vt 0.4444444179534912 0.11111116409301758
vt 0.3888888657093048 0.11111116409301758
vt 0.4444444179534912 5.960464477539063e-8
vt 0.4999999701976776 0.11111116409301758
vt 0.4444444179534912 0.11111116409301758
vt 0.4999999701976776 5.960464477539063e-8
vt 0.555555522441864 0.11111116409301758
vt 0.4999999701976776 0.11111116409301758
vt 0.555555522441864 5.960464477539063e-8
vt 0.611111044883728 0.11111116409301758
vt 0.555555522441864 0.11111116409301758
vt 0.611111044883728 5.960464477539063e-8
vt 0.666666567325592 0.11111116409301758
vt 0.611111044883728 0.11111116409301758
vt 0.666666567325592 5.960464477539063e-8
vt 0.7222221493721008 0.11111116409301758
vt 0.666666567325592 0.11111116409301758
vt 0.7222221493721008 5.960464477539063e-8
vt 0.7777776718139648 0.11111116409301758
vt 0.7222221493721008 0.11111116409301758
vt 0.7777776718139648 5.960464477539063e-8
vt 0.8333331942558289 0.11111116409301758
vt 0.7777776718139648 0.11111116409301758
vt 0.8333331942558289 5.960464477539063e-8
vt 0.8888887763023376 0.11111116409301758
vt 0.8333331942558289 0.11111116409301758
vt 0.8888887763023376 5.960464477539063e-8
vt 0.9444442987442017 0.11111116409301758
vt 0.8888887763023376 0.11111116409301758
vt 0.9444442987442017 5.960464477539063e-8
vt 0.9999998211860657 0.11111116409301758
vt 0.9444442987442017 0.11111116409301758
vn -0.03060457035772932 -0.9843464253709672 0.17356691831284524
vn -0.06019804217849935 -0.9379884544039877 0.34139984640109894
vn -0.14390787773819827 -0.907172698280493 0.39538363423310485
vn -0.08812223190244217 -0.9843464287549599 0.15263217367871307
vn -0.14390787773819827 -0.907172698280493 0.39538363423310485
vn -0.2198462566934463 -0.9396926509425021 0.26200256712966097
vn -0.13501108224429342 -0.984346428536782 0.11328775881844495
vn -0.2198462566934463 -0.9396926509425021 0.26200256712966097
vn -0.36438754491674297 -0.9071726871393073 0.2103792594767768
vn -0.16561560999867395 -0.9843464294195424 0.060279155715427996
vn -0.36438754491674297 -0.9071726871393073 0.2103792594767768
vn -0.3368240368716373 -0.9396926365150386 0.05939122043626501
vn -0.17624443058162895 -0.9843464332687721 6.295554556438965e-8
vn -0.3368240368716373 -0.9396926365150386 0.05939122043626501
vn -0.41436624774409564 -0.9071726853181563 -0.07306388809202428
vn -0.16561561007305436 -0.9843464298616269 -0.06027914829191979
vn -0.41436624774409564 -0.9071726853181563 -0.07306388809202428
vn -0.2961981625728123 -0.9396926263500334 -0.17100998939204265
vn -0.1350111334109319 -0.9843464266211422 -0.11328771448521584
vn -0.2961981625728123 -0.9396926263500334 -0.17100998939204265
vn -0.27526392388630655 -0.9185815667771436 -0.2836153687372417
vn -0.08812228922262838 -0.9843464268571107 -0.15263215282437184
vn -0.27526392388630655 -0.9185815667771436 -0.2836153687372417
vn -0.14390801246272736 -0.9071727021515257 -0.3953835763156164
vn -0.030604615112370857 -0.984346427320644 -0.17356689936421554
vn -0.14390801246272736 -0.9071727021515257 -0.3953835763156164
vn 0.02855963380936619 -0.9185815839665401 -0.39419820003926614
vn 0.030604454995765352 -0.9843464296005036 -0.17356691466737825
vn 0.02855963380936619 -0.9185815839665401 -0.39419820003926614
vn 0.11697758995044921 -0.939692637414533 -0.3213938248291397
vn 0.08812213519577101 -0.9843464304402668 -0.1526322186435189
vn 0.11697758995044921 -0.939692637414533 -0.3213938248291397
vn 0.27045811915283474 -0.907172696317845 -0.3223198796843316
vn 0.13501102224467249 -0.9843464256570833 -0.1132878553445741
vn 0.27045811915283474 -0.907172696317845 -0.3223198796843316
vn 0.35566543588596977 -0.9185815805721538 -0.1723658247727985
vn 0.16561556533125163 -0.9843464296338853 -0.06027927493784868
vn 0.35566543588596977 -0.9185815805721538 -0.1723658247727985
vn 0.3368239798559146 -0.9396926437377793 -0.059391429509025755
vn 0.1762444450199276 -0.9843464306836253 -1.5738888913161815e-7
vn 0.3368239798559146 -0.9396926437377793 -0.059391429509025755
vn 0.414366281677642 -0.9071726943626505 0.07306358334666008
vn 0.16561565474047393 -0.9843464296472674 0.06027902906949807
vn 0.414366281677642 -0.9071726943626505 0.07306358334666008
vn 0.3271059618204646 -0.9185815842607141 0.22183228529360915
vn 0.1350111569874137 -0.9843464302669841 0.11328765470944008
vn 0.3271059618204646 -0.9185815842607141 0.22183228529360915
vn 0.2315079181851896 -0.9185815692704316 0.32033105440189685
vn 0.0881223791378556 -0.9843464325344503 0.15263206429772513
vn 0.2315079181851896 -0.9185815692704316 0.32033105440189685
vn 0.11697792400006922 -0.9396926275618497 0.3213937320523546
vn 0.03060464302587964 -0.9843464264789457 0.17356689921580093
vn 0.11697792400006922 -0.9396926275618497 0.3213937320523546
vn 0.07398798250944562 -0.9046862641019907 0.419605221594495
vn -0.10763262230973643 -0.7847347325988151 0.6104151194619905
vn -0.14390787773819827 -0.907172698280493 0.39538363423310485
vn -0.06019804217849935 -0.9379884544039877 0.34139984640109894
vn -0.14390787773819827 -0.907172698280493 0.39538363423310485
vn -0.10763262230973643 -0.7847347325988151 0.6104151194619905
vn -0.19869781206595022 -0.7363218359774926 0.6467992991206305
vn -0.4311251740588667 -0.7417181902775332 0.5137949109363901
vn -0.2198462566934463 -0.9396926509425021 0.26200256712966097
vn -0.14390787773819827 -0.907172698280493 0.39538363423310485
vn -0.4311251740588667 -0.7417181902775332 0.5137949109363901
vn -0.14390787773819827 -0.907172698280493 0.39538363423310485
vn -0.19869781206595022 -0.7363218359774926 0.6467992991206305
vn -0.36438754491674297 -0.9071726871393073 0.2103792594767768
vn -0.4311251740588667 -0.7417181902775332 0.5137949109363901
vn -0.6024694016801582 -0.7363218740587945 0.30799467174238093
vn -0.4311251740588667 -0.7417181902775332 0.5137949109363901
vn -0.36438754491674297 -0.9071726871393073 0.2103792594767768
vn -0.2198462566934463 -0.9396926509425021 0.26200256712966097
vn -0.36438754491674297 -0.9071726871393073 0.2103792594767768
vn -0.6024694016801582 -0.7363218740587945 0.30799467174238093
vn -0.6436143927718373 -0.760700561495245 0.08423282707922237
vn -0.36438754491674297 -0.9071726871393073 0.2103792594767768
vn -0.6436143927718373 -0.760700561495245 0.08423282707922237
vn -0.3368240368716373 -0.9396926365150386 0.05939122043626501
vn -0.6436143927718373 -0.760700561495245 0.08423282707922237
vn -0.41436624774409564 -0.9071726853181563 -0.07306388809202428
vn -0.3368240368716373 -0.9396926365150386 0.05939122043626501
vn -0.41436624774409564 -0.9071726853181563 -0.07306388809202428
vn -0.6436143927718373 -0.760700561495245 0.08423282707922237
vn -0.6330222471085448 -0.7660444359049902 -0.11161880166286385
vn -0.5759904652097521 -0.7607005591795111 -0.2992818792567181
vn -0.41436624774409564 -0.9071726853181563 -0.07306388809202428
vn -0.6330222471085448 -0.7660444359049902 -0.11161880166286385
vn -0.41436624774409564 -0.9071726853181563 -0.07306388809202428
vn -0.5759904652097521 -0.7607005591795111 -0.2992818792567181
vn -0.2961981625728123 -0.9396926263500334 -0.17100998939204265
vn -0.5759904652097521 -0.7607005591795111 -0.2992818792567181
vn -0.27526392388630655 -0.9185815667771436 -0.2836153687372417
vn -0.2961981625728123 -0.9396926263500334 -0.17100998939204265
vn -0.27526392388630655 -0.9185815667771436 -0.2836153687372417
vn -0.5759904652097521 -0.7607005591795111 -0.2992818792567181
vn -0.43349549922377756 -0.7310956246653803 -0.5268594117483956
vn -0.14390801246272736 -0.9071727021515257 -0.3953835763156164
vn -0.43349549922377756 -0.7310956246653803 -0.5268594117483956
vn -0.19869802776635154 -0.7363218622294736 -0.6467992029715884
vn -0.43349549922377756 -0.7310956246653803 -0.5268594117483956
vn -0.14390801246272736 -0.9071727021515257 -0.3953835763156164
vn -0.27526392388630655 -0.9185815667771436 -0.2836153687372417
vn -0.010507865093527824 -0.77914120367991 -0.6267603764592948
vn 0.02855963380936619 -0.9185815839665401 -0.39419820003926614
vn -0.14390801246272736 -0.9071727021515257 -0.3953835763156164
vn -0.14390801246272736 -0.9071727021515257 -0.3953835763156164
vn -0.19869802776635154 -0.7363218622294736 -0.6467992029715884
vn -0.010507865093527824 -0.77914120367991 -0.6267603764592948
vn 0.02855963380936619 -0.9185815839665401 -0.39419820003926614
vn -0.010507865093527824 -0.77914120367991 -0.6267603764592948
vn 0.19471525451629482 -0.7607006145481441 -0.6192096128813979
vn 0.02855963380936619 -0.9185815839665401 -0.39419820003926614
vn 0.19471525451629482 -0.7607006145481441 -0.6192096128813979
vn 0.11697758995044921 -0.939692637414533 -0.3213938248291397
vn 0.19471525451629482 -0.7607006145481441 -0.6192096128813979
vn 0.27045811915283474 -0.907172696317845 -0.3223198796843316
vn 0.11697758995044921 -0.939692637414533 -0.3213938248291397
vn 0.27045811915283474 -0.907172696317845 -0.3223198796843316
vn 0.19471525451629482 -0.7607006145481441 -0.6192096128813979
vn 0.44699819377090194 -0.7186168191243887 -0.5327123820947819
vn 0.5842206135827347 -0.7499010888614566 -0.31037820733649285
vn 0.27045811915283474 -0.907172696317845 -0.3223198796843316
vn 0.44699819377090194 -0.7186168191243887 -0.5327123820947819
vn 0.27045811915283474 -0.907172696317845 -0.3223198796843316
vn 0.5842206135827347 -0.7499010888614566 -0.31037820733649285
vn 0.35566543588596977 -0.9185815805721538 -0.1723658247727985
vn 0.6436143287753323 -0.7607005563044161 -0.08423336294622297
vn 0.35566543588596977 -0.9185815805721538 -0.1723658247727985
vn 0.5842206135827347 -0.7499010888614566 -0.31037820733649285
vn 0.35566543588596977 -0.9185815805721538 -0.1723658247727985
vn 0.6436143287753323 -0.7607005563044161 -0.08423336294622297
vn 0.3368239798559146 -0.9396926437377793 -0.059391429509025755
vn 0.414366281677642 -0.9071726943626505 0.07306358334666008
vn 0.6436143287753323 -0.7607005563044161 -0.08423336294622297
vn 0.6330223117825692 -0.76604444203964 0.111618392774796
vn 0.6436143287753323 -0.7607005563044161 -0.08423336294622297
vn 0.414366281677642 -0.9071726943626505 0.07306358334666008
vn 0.3368239798559146 -0.9396926437377793 -0.059391429509025755
vn 0.5941313949657432 -0.7310955933989987 0.33542080858024576
vn 0.3271059618204646 -0.9185815842607141 0.22183228529360915
vn 0.414366281677642 -0.9071726943626505 0.07306358334666008
vn 0.414366281677642 -0.9071726943626505 0.07306358334666008
vn 0.6330223117825692 -0.76604444203964 0.111618392774796
vn 0.5941313949657432 -0.7310955933989987 0.33542080858024576
vn 0.3271059618204646 -0.9185815842607141 0.22183228529360915
vn 0.5941313949657432 -0.7310955933989987 0.33542080858024576
vn 0.4071118230069793 -0.7499011148778488 0.5214482538784582
vn 0.3271059618204646 -0.9185815842607141 0.22183228529360915
vn 0.4071118230069793 -0.7499011148778488 0.5214482538784582
vn 0.2315079181851896 -0.9185815692704316 0.32033105440189685
vn 0.4071118230069793 -0.7499011148778488 0.5214482538784582
vn 0.19471584784472132 -0.7607006053194536 0.6192094376418434
vn 0.2315079181851896 -0.9185815692704316 0.32033105440189685
vn 0.2315079181851896 -0.9185815692704316 0.32033105440189685
vn 0.19471584784472132 -0.7607006053194536 0.6192094376418434
vn 0.11697792400006922 -0.9396926275618497 0.3213937320523546
vn 0.19471584784472132 -0.7607006053194536 0.6192094376418434
vn 0.07398798250944562 -0.9046862641019907 0.419605221594495
vn 0.11697792400006922 -0.9396926275618497 0.3213937320523546
vn 0.07398798250944562 -0.9046862641019907 0.419605221594495
vn 0.19471584784472132 -0.7607006053194536 0.6192094376418434
vn 0.11262014195098716 -0.761170962149591 0.6386982620981564
vn -0.14672194406101308 -0.5348643058961482 0.832101463410075
vn -0.19869781206595022 -0.7363218359774926 0.6467992991206305
vn -0.10763262230973643 -0.7847347325988151 0.6104151194619905
vn -0.19869781206595022 -0.7363218359774926 0.6467992991206305
vn -0.14672194406101308 -0.5348643058961482 0.832101463410075
vn -0.28386240480234465 -0.48965139939774377 0.8244171530285266
vn -0.28386240480234465 -0.48965139939774377 0.8244171530285266
vn -0.4311251740588667 -0.7417181902775332 0.5137949109363901
vn -0.19869781206595022 -0.7363218359774926 0.6467992991206305
vn -0.4311251740588667 -0.7417181902775332 0.5137949109363901
vn -0.28386240480234465 -0.48965139939774377 0.8244171530285266
vn -0.5760369317134324 -0.44374245530700723 0.686494054351735
vn -0.6024694016801582 -0.7363218740587945 0.30799467174238093
vn -0.4311251740588667 -0.7417181902775332 0.5137949109363901
vn -0.7626001703456626 -0.48965143313632714 0.42270847426602115
vn -0.4311251740588667 -0.7417181902775332 0.5137949109363901
vn -0.5760369317134324 -0.44374245530700723 0.686494054351735
vn -0.7626001703456626 -0.48965143313632714 0.42270847426602115
vn -0.6436143927718373 -0.760700561495245 0.08423282707922237
vn -0.6024694016801582 -0.7363218740587945 0.30799467174238093
vn -0.8611845664809752 -0.48965142421287605 0.13639144115844318
vn -0.6024694016801582 -0.7363218740587945 0.30799467174238093
vn -0.7626001703456626 -0.48965143313632714 0.42270847426602115
vn -0.8611845664809752 -0.48965142421287605 0.13639144115844318
vn -0.6330222471085448 -0.7660444359049902 -0.11161880166286385
vn -0.6436143927718373 -0.760700561495245 0.08423282707922237
vn -0.8284253264378152 -0.5407161573181958 -0.14607366542756187
vn -0.6436143927718373 -0.760700561495245 0.08423282707922237
vn -0.8611845664809752 -0.48965142421287605 0.13639144115844318
vn -0.8284253264378152 -0.5407161573181958 -0.14607366542756187
vn -0.8284253264378152 -0.5407161573181958 -0.14607366542756187
vn -0.5759904652097521 -0.7607005591795111 -0.2992818792567181
vn -0.6330222471085448 -0.7660444359049902 -0.11161880166286385
vn -0.5759904652097521 -0.7607005591795111 -0.2992818792567181
vn -0.8284253264378152 -0.5407161573181958 -0.14607366542756187
vn -0.7626002986051515 -0.4896514091449704 -0.4227082706662822
vn -0.7626002986051515 -0.4896514091449704 -0.4227082706662822
vn -0.43349549922377756 -0.7310956246653803 -0.5268594117483956
vn -0.5759904652097521 -0.7607005591795111 -0.2992818792567181
vn -0.43349549922377756 -0.7310956246653803 -0.5268594117483956
vn -0.7626002986051515 -0.4896514091449704 -0.4227082706662822
vn -0.576037201558219 -0.44374243360012994 -0.6864938419560732
vn -0.28386275634329716 -0.4896513807011981 -0.8244170430908111
vn -0.19869802776635154 -0.7363218622294736 -0.6467992029715884
vn -0.43349549922377756 -0.7310956246653803 -0.5268594117483956
vn -0.43349549922377756 -0.7310956246653803 -0.5268594117483956
vn -0.576037201558219 -0.44374243360012994 -0.6864938419560732
vn -0.28386275634329716 -0.4896513807011981 -0.8244170430908111
vn -0.010507865093527824 -0.77914120367991 -0.6267603764592948
vn -0.19869802776635154 -0.7363218622294736 -0.6467992029715884
vn -3.726186495568763e-7 -0.5407161204550537 -0.8412051337693423
vn -0.19869802776635154 -0.7363218622294736 -0.6467992029715884
vn -0.28386275634329716 -0.4896513807011981 -0.8244170430908111
vn -3.726186495568763e-7 -0.5407161204550537 -0.8412051337693423
vn -3.726186495568763e-7 -0.5407161204550537 -0.8412051337693423
vn 0.19471525451629482 -0.7607006145481441 -0.6192096128813979
vn -0.010507865093527824 -0.77914120367991 -0.6267603764592948
vn 0.19471525451629482 -0.7607006145481441 -0.6192096128813979
vn -3.726186495568763e-7 -0.5407161204550537 -0.8412051337693423
vn 0.2838619384901855 -0.4896514175529594 -0.8244173028054248
vn 0.2838619384901855 -0.4896514175529594 -0.8244173028054248
vn 0.44699819377090194 -0.7186168191243887 -0.5327123820947819
vn 0.19471525451629482 -0.7607006145481441 -0.6192096128813979
vn 0.44699819377090194 -0.7186168191243887 -0.5327123820947819
vn 0.2838619384901855 -0.4896514175529594 -0.8244173028054248
vn 0.576036448106677 -0.44374245009213376 -0.6864944635165485
vn 0.7625998904069307 -0.48965147455036784 -0.4227089313250761
vn 0.44699819377090194 -0.7186168191243887 -0.5327123820947819
vn 0.576036448106677 -0.44374245009213376 -0.6864944635165485
vn 0.44699819377090194 -0.7186168191243887 -0.5327123820947819
vn 0.7625998904069307 -0.48965147455036784 -0.4227089313250761
vn 0.5842206135827347 -0.7499010888614566 -0.31037820733649285
vn 0.6436143287753323 -0.7607005563044161 -0.08423336294622297
vn 0.5842206135827347 -0.7499010888614566 -0.31037820733649285
vn 0.8611845033723712 -0.4896513667035777 -0.13639204608994246
vn 0.5842206135827347 -0.7499010888614566 -0.31037820733649285
vn 0.7625998904069307 -0.48965147455036784 -0.4227089313250761
vn 0.8611845033723712 -0.4896513667035777 -0.13639204608994246
vn 0.6330223117825692 -0.76604444203964 0.111618392774796
vn 0.6436143287753323 -0.7607005563044161 -0.08423336294622297
vn 0.8284254698755097 -0.5407161135275166 0.14607301404858614
vn 0.6436143287753323 -0.7607005563044161 -0.08423336294622297
vn 0.8611845033723712 -0.4896513667035777 -0.13639204608994246
vn 0.8284254698755097 -0.5407161135275166 0.14607301404858614
vn 0.8284254698755097 -0.5407161135275166 0.14607301404858614
vn 0.5941313949657432 -0.7310955933989987 0.33542080858024576
vn 0.6330223117825692 -0.76604444203964 0.111618392774796
vn 0.5941313949657432 -0.7310955933989987 0.33542080858024576
vn 0.8284254698755097 -0.5407161135275166 0.14607301404858614
vn 0.7843826760314601 -0.4655206111472279 0.4099199655284393
vn 0.7843826760314601 -0.4655206111472279 0.4099199655284393
vn 0.5796692494796595 -0.46626202264816213 0.6682688736158023
vn 0.5941313949657432 -0.7310955933989987 0.33542080858024576
vn 0.5941313949657432 -0.7310955933989987 0.33542080858024576
vn 0.5796692494796595 -0.46626202264816213 0.6682688736158023
vn 0.4071118230069793 -0.7499011148778488 0.5214482538784582
vn 0.28386277393778747 -0.4896513298408752 0.8244170672404876
vn 0.19471584784472132 -0.7607006053194536 0.6192094376418434
vn 0.4071118230069793 -0.7499011148778488 0.5214482538784582
vn 0.4071118230069793 -0.7499011148778488 0.5214482538784582
vn 0.5796692494796595 -0.46626202264816213 0.6682688736158023
vn 0.28386277393778747 -0.4896513298408752 0.8244170672404876
vn 0.11262014195098716 -0.761170962149591 0.6386982620981564
vn 0.19471584784472132 -0.7607006053194536 0.6192094376418434
vn 0.14672237939420937 -0.5348643824480737 0.8321013374423469
vn 0.19471584784472132 -0.7607006053194536 0.6192094376418434
vn 0.28386277393778747 -0.4896513298408752 0.8244170672404876
vn 0.14672237939420937 -0.5348643824480737 0.8321013374423469
vn -0.28386240480234465 -0.48965139939774377 0.8244171530285266
vn -0.17124591474939113 -0.16576134875069212 0.971183819851832
vn -0.38870003483383925 -0.16982215496095768 0.9055786650559899
vn -0.17124591474939113 -0.16576134875069212 0.971183819851832
vn -0.28386240480234465 -0.48965139939774377 0.8244171530285266
vn -0.14672194406101308 -0.5348643058961482 0.832101463410075
vn -0.38870003483383925 -0.16982215496095768 0.9055786650559899
vn -0.5760369317134324 -0.44374245530700723 0.686494054351735
vn -0.28386240480234465 -0.48965139939774377 0.8244171530285266
vn -0.5760369317134324 -0.44374245530700723 0.686494054351735
vn -0.38870003483383925 -0.16982215496095768 0.9055786650559899
vn -0.6330222167037708 -0.17364808038104612 0.7544065332030352
vn -0.8243238499338047 -0.16982213011788672 0.5400468818098426
vn -0.7626001703456626 -0.48965143313632714 0.42270847426602115
vn -0.5760369317134324 -0.44374245530700723 0.686494054351735
vn -0.5760369317134324 -0.44374245530700723 0.686494054351735
vn -0.6330222167037708 -0.17364808038104612 0.7544065332030352
vn -0.8243238499338047 -0.16982213011788672 0.5400468818098426
vn -0.8611845664809752 -0.48965142421287605 0.13639144115844318
vn -0.7626001703456626 -0.48965143313632714 0.42270847426602115
vn -0.9593179360835942 -0.16982212901527313 0.22554277200795703
vn -0.7626001703456626 -0.48965143313632714 0.42270847426602115
vn -0.8243238499338047 -0.16982213011788672 0.5400468818098426
vn -0.9593179360835942 -0.16982212901527313 0.22554277200795703
vn -0.8284253264378152 -0.5407161573181958 -0.14607366542756187
vn -0.8611845664809752 -0.48965142421287605 0.13639144115844318
vn -0.9707692655513754 -0.16824666341551675 -0.17117270024857686
vn -0.8611845664809752 -0.48965142421287605 0.13639144115844318
vn -0.9593179360835942 -0.16982212901527313 0.22554277200795703
vn -0.9707692655513754 -0.16824666341551675 -0.17117270024857686
vn -0.9707692655513754 -0.16824666341551675 -0.17117270024857686
vn -0.7626002986051515 -0.4896514091449704 -0.4227082706662822
vn -0.8284253264378152 -0.5407161573181958 -0.14607366542756187
vn -0.7626002986051515 -0.4896514091449704 -0.4227082706662822
vn -0.9707692655513754 -0.16824666341551675 -0.17117270024857686
vn -0.8243240357419405 -0.16982216136111103 -0.5400465883687824
vn -0.8243240357419405 -0.16982216136111103 -0.5400465883687824
vn -0.576037201558219 -0.44374243360012994 -0.6864938419560732
vn -0.7626002986051515 -0.4896514091449704 -0.4227082706662822
vn -0.576037201558219 -0.44374243360012994 -0.6864938419560732
vn -0.8243240357419405 -0.16982216136111103 -0.5400465883687824
vn -0.6330225019067115 -0.1736480932147401 -0.754406290935231
vn -0.28386275634329716 -0.4896513807011981 -0.8244170430908111
vn -0.576037201558219 -0.44374243360012994 -0.6864938419560732
vn -0.3887002621455172 -0.1698220905037389 -0.905578579574929
vn -0.576037201558219 -0.44374243360012994 -0.6864938419560732
vn -0.6330225019067115 -0.1736480932147401 -0.754406290935231
vn -0.3887002621455172 -0.1698220905037389 -0.905578579574929
vn -3.726186495568763e-7 -0.5407161204550537 -0.8412051337693423
vn -0.28386275634329716 -0.4896513807011981 -0.8244170430908111
vn -4.480238192976868e-7 -0.16824659452024723 -0.9857449383243814
vn -0.28386275634329716 -0.4896513807011981 -0.8244170430908111
vn -0.3887002621455172 -0.1698220905037389 -0.905578579574929
vn -4.480238192976868e-7 -0.16824659452024723 -0.9857449383243814
vn 0.2838619384901855 -0.4896514175529594 -0.8244173028054248
vn -4.480238192976868e-7 -0.16824659452024723 -0.9857449383243814
vn 0.3886994984696399 -0.16982211029137695 -0.9055789036553545
vn -4.480238192976868e-7 -0.16824659452024723 -0.9857449383243814
vn 0.2838619384901855 -0.4896514175529594 -0.8244173028054248
vn -3.726186495568763e-7 -0.5407161204550537 -0.8412051337693423
vn 0.3886994984696399 -0.16982211029137695 -0.9055789036553545
vn 0.576036448106677 -0.44374245009213376 -0.6864944635165485
vn 0.2838619384901855 -0.4896514175529594 -0.8244173028054248
vn 0.576036448106677 -0.44374245009213376 -0.6864944635165485
vn 0.3886994984696399 -0.16982211029137695 -0.9055789036553545
vn 0.6330217366053427 -0.17364803478293908 -0.7544069465488632
vn 0.8243235156104498 -0.16982212263955535 -0.5400473944699892
vn 0.7625998904069307 -0.48965147455036784 -0.4227089313250761
vn 0.576036448106677 -0.44374245009213376 -0.6864944635165485
vn 0.576036448106677 -0.44374245009213376 -0.6864944635165485
vn 0.6330217366053427 -0.17364803478293908 -0.7544069465488632
vn 0.8243235156104498 -0.16982212263955535 -0.5400473944699892
vn 0.8611845033723712 -0.4896513667035777 -0.13639204608994246
vn 0.7625998904069307 -0.48965147455036784 -0.4227089313250761
vn 0.9703988828971747 -0.14526822863695027 -0.19293301900037324
vn 0.7625998904069307 -0.48965147455036784 -0.4227089313250761
vn 0.8243235156104498 -0.16982212263955535 -0.5400473944699892
vn 0.9703988828971747 -0.14526822863695027 -0.19293301900037324
vn 0.8284254698755097 -0.5407161135275166 0.14607301404858614
vn 0.8611845033723712 -0.4896513667035777 -0.13639204608994246
vn 0.9613356681963408 -0.19303707669323597 0.19639353368994839
vn 0.8611845033723712 -0.4896513667035777 -0.13639204608994246
vn 0.9703988828971747 -0.14526822863695027 -0.19293301900037324
vn 0.9613356681963408 -0.19303707669323597 0.19639353368994839
vn 0.9613356681963408 -0.19303707669323597 0.19639353368994839
vn 0.7843826760314601 -0.4655206111472279 0.4099199655284393
vn 0.8284254698755097 -0.5407161135275166 0.14607301404858614
vn 0.7843826760314601 -0.4655206111472279 0.4099199655284393
vn 0.9613356681963408 -0.19303707669323597 0.19639353368994839
vn 0.8243243688910914 -0.16982211161467312 0.540046095494669
vn 0.8243243688910914 -0.16982211161467312 0.540046095494669
vn 0.5796692494796595 -0.46626202264816213 0.6682688736158023
vn 0.7843826760314601 -0.4655206111472279 0.4099199655284393
vn 0.5796692494796595 -0.46626202264816213 0.6682688736158023
vn 0.8243243688910914 -0.16982211161467312 0.540046095494669
vn 0.6330228959075803 -0.1736480719407731 0.7544059652256422
vn 0.28386277393778747 -0.4896513298408752 0.8244170672404876
vn 0.5796692494796595 -0.46626202264816213 0.6682688736158023
vn 0.38870050120101535 -0.16982211870371947 0.9055784716771148
vn 0.5796692494796595 -0.46626202264816213 0.6682688736158023
vn 0.6330228959075803 -0.1736480719407731 0.7544059652256422
vn 0.38870050120101535 -0.16982211870371947 0.9055784716771148
vn 0.14672237939420937 -0.5348643824480737 0.8321013374423469
vn 0.28386277393778747 -0.4896513298408752 0.8244170672404876
vn 0.17124641771341909 -0.16576130048949184 0.971183739402773
vn 0.28386277393778747 -0.4896513298408752 0.8244170672404876
vn 0.38870050120101535 -0.16982211870371947 0.9055784716771148
vn 0.17124641771341909 -0.16576130048949184 0.971183739402773
vn -0.38870003483383925 -0.16982215496095768 0.9055786650559899
vn -0.17124591474939113 -0.16576134875069212 0.971183819851832
vn -0.3320627470122983 0.17008244784247498 0.9277964717450473
vn -0.17124591474939113 -0.16576134875069212 0.971183819851832
vn -0.16927199252407962 0.2230873281530365 0.9599890814819028
vn -0.3320627470122983 0.17008244784247498 0.9277964717450473
vn -0.6330222167037708 -0.17364808038104612 0.7544065332030352
vn -0.38870003483383925 -0.16982215496095768 0.9055786650559899
vn -0.6384808070248744 0.11556609084881785 0.7609117805020421
vn -0.38870003483383925 -0.16982215496095768 0.9055786650559899
vn -0.3320627470122983 0.17008244784247498 0.9277964717450473
vn -0.6384808070248744 0.11556609084881785 0.7609117805020421
vn -0.8243238499338047 -0.16982213011788672 0.5400468818098426
vn -0.6384808070248744 0.11556609084881785 0.7609117805020421
vn -0.8560390079196342 0.1700824837452974 0.488128226640295
vn -0.6384808070248744 0.11556609084881785 0.7609117805020421
vn -0.8243238499338047 -0.16982213011788672 0.5400468818098426
vn -0.6330222167037708 -0.17364808038104612 0.7544065332030352
vn -0.9593179360835942 -0.16982212901527313 0.22554277200795703
vn -0.8560390079196342 0.1700824837452974 0.488128226640295
vn -0.971363218028554 0.17008241513579894 0.16590801886221668
vn -0.8560390079196342 0.1700824837452974 0.488128226640295
vn -0.9593179360835942 -0.16982212901527313 0.22554277200795703
vn -0.8243238499338047 -0.16982213011788672 0.5400468818098426
vn -0.9707692655513754 -0.16824666341551675 -0.17117270024857686
vn -0.971363218028554 0.17008241513579894 0.16590801886221668
vn -0.9592472768891359 0.22635367261274494 -0.16914099643640432
vn -0.971363218028554 0.17008241513579894 0.16590801886221668
vn -0.9707692655513754 -0.16824666341551675 -0.17117270024857686
vn -0.9593179360835942 -0.16982212901527313 0.22554277200795703
vn -0.8243240357419405 -0.16982216136111103 -0.5400465883687824
vn -0.9707692655513754 -0.16824666341551675 -0.17117270024857686
vn -0.8560391361862982 0.17008233653324817 -0.48812805299102335
vn -0.9707692655513754 -0.16824666341551675 -0.17117270024857686
vn -0.9592472768891359 0.22635367261274494 -0.16914099643640432
vn -0.8560391361862982 0.17008233653324817 -0.48812805299102335
vn -0.6330225019067115 -0.1736480932147401 -0.754406290935231
vn -0.8243240357419405 -0.16982216136111103 -0.5400465883687824
vn -0.6384810329239516 0.11556611838509086 -0.7609115867679812
vn -0.8243240357419405 -0.16982216136111103 -0.5400465883687824
vn -0.8560391361862982 0.17008233653324817 -0.48812805299102335
vn -0.6384810329239516 0.11556611838509086 -0.7609115867679812
vn -0.3887002621455172 -0.1698220905037389 -0.905578579574929
vn -0.6384810329239516 0.11556611838509086 -0.7609115867679812
vn -0.3320631758533158 0.17008240908485853 -0.9277963253657027
vn -0.6384810329239516 0.11556611838509086 -0.7609115867679812
vn -0.3887002621455172 -0.1698220905037389 -0.905578579574929
vn -0.6330225019067115 -0.1736480932147401 -0.754406290935231
vn -4.480238192976868e-7 -0.16824659452024723 -0.9857449383243814
vn -0.3320631758533158 0.17008240908485853 -0.9277963253657027
vn -4.891380566614203e-7 0.2263536670827826 -0.9740451824211941
vn -0.3320631758533158 0.17008240908485853 -0.9277963253657027
vn -4.480238192976868e-7 -0.16824659452024723 -0.9857449383243814
vn -0.3887002621455172 -0.1698220905037389 -0.905578579574929
vn 0.3886994984696399 -0.16982211029137695 -0.9055789036553545
vn -4.480238192976868e-7 -0.16824659452024723 -0.9857449383243814
vn 0.33206232490393994 0.17008237083925928 -0.9277966369356415
vn -4.480238192976868e-7 -0.16824659452024723 -0.9857449383243814
vn -4.891380566614203e-7 0.2263536670827826 -0.9740451824211941
vn 0.33206232490393994 0.17008237083925928 -0.9277966369356415
vn 0.6330217366053427 -0.17364803478293908 -0.7544069465488632
vn 0.3886994984696399 -0.16982211029137695 -0.9055789036553545
vn 0.6384803138728478 0.11556612103608321 -0.760912189720669
vn 0.3886994984696399 -0.16982211029137695 -0.9055789036553545
vn 0.33206232490393994 0.17008237083925928 -0.9277966369356415
vn 0.6384803138728478 0.11556612103608321 -0.760912189720669
vn 0.8243235156104498 -0.16982212263955535 -0.5400473944699892
vn 0.6384803138728478 0.11556612103608321 -0.760912189720669
vn 0.8560387165857475 0.17008248507437337 -0.4881287370941723
vn 0.6384803138728478 0.11556612103608321 -0.760912189720669
vn 0.8243235156104498 -0.16982212263955535 -0.5400473944699892
vn 0.6330217366053427 -0.17364803478293908 -0.7544069465488632
vn 0.9703988828971747 -0.14526822863695027 -0.19293301900037324
vn 0.8560387165857475 0.17008248507437337 -0.4881287370941723
vn 0.9582223262480682 0.20474655854252172 -0.19972185720329735
vn 0.8560387165857475 0.17008248507437337 -0.4881287370941723
vn 0.9703988828971747 -0.14526822863695027 -0.19293301900037324
vn 0.8243235156104498 -0.16982212263955535 -0.5400473944699892
vn 0.9613356681963408 -0.19303707669323597 0.19639353368994839
vn 0.9703988828971747 -0.14526822863695027 -0.19293301900037324
vn 0.9705308087774344 0.19303725980455977 0.14424481114052604
vn 0.9703988828971747 -0.14526822863695027 -0.19293301900037324
vn 0.9582223262480682 0.20474655854252172 -0.19972185720329735
vn 0.9705308087774344 0.19303725980455977 0.14424481114052604
vn 0.8243243688910914 -0.16982211161467312 0.540046095494669
vn 0.9613356681963408 -0.19303707669323597 0.19639353368994839
vn 0.8560394861852685 0.17008246912795083 0.4881273929897818
vn 0.9613356681963408 -0.19303707669323597 0.19639353368994839
vn 0.9705308087774344 0.19303725980455977 0.14424481114052604
vn 0.8560394861852685 0.17008246912795083 0.4881273929897818
vn 0.6330228959075803 -0.1736480719407731 0.7544059652256422
vn 0.8243243688910914 -0.16982211161467312 0.540046095494669
vn 0.6384815106293161 0.11556614423193612 0.7609111819994957
vn 0.8243243688910914 -0.16982211161467312 0.540046095494669
vn 0.8560394861852685 0.17008246912795083 0.4881273929897818
vn 0.6384815106293161 0.11556614423193612 0.7609111819994957
vn 0.38870050120101535 -0.16982211870371947 0.9055784716771148
vn 0.6384815106293161 0.11556614423193612 0.7609111819994957
vn 0.33206327628992605 0.17008237003074103 0.9277962965782556
vn 0.6384815106293161 0.11556614423193612 0.7609111819994957
vn 0.38870050120101535 -0.16982211870371947 0.9055784716771148
vn 0.6330228959075803 -0.1736480719407731 0.7544059652256422
vn 0.17124641771341909 -0.16576130048949184 0.971183739402773
vn 0.33206327628992605 0.17008237003074103 0.9277962965782556
vn 0.16927246707222166 0.22308728043280926 0.9599890088956107
vn 0.33206327628992605 0.17008237003074103 0.9277962965782556
vn 0.17124641771341909 -0.16576130048949184 0.971183739402773
vn 0.38870050120101535 -0.16982211870371947 0.9055784716771148
vn -0.3320627470122983 0.17008244784247498 0.9277964717450473
vn -0.16927199252407962 0.2230873281530365 0.9599890814819028
vn -0.28386238306550376 0.4896514729150245 0.8244171168483344
vn -0.16927199252407962 0.2230873281530365 0.9599890814819028
vn -0.1467219857240248 0.5348644140216167 0.8321013865620653
vn -0.28386238306550376 0.4896514729150245 0.8244171168483344
vn -0.6384808070248744 0.11556609084881785 0.7609117805020421
vn -0.3320627470122983 0.17008244784247498 0.9277964717450473
vn -0.5760369012421006 0.4437425510431019 0.6864940180374178
vn -0.3320627470122983 0.17008244784247498 0.9277964717450473
vn -0.28386238306550376 0.4896514729150245 0.8244171168483344
vn -0.5760369012421006 0.4437425510431019 0.6864940180374178
vn -0.5760369012421006 0.4437425510431019 0.6864940180374178
vn -0.8560390079196342 0.1700824837452974 0.488128226640295
vn -0.6384808070248744 0.11556609084881785 0.7609117805020421
vn -0.8560390079196342 0.1700824837452974 0.488128226640295
vn -0.5760369012421006 0.4437425510431019 0.6864940180374178
vn -0.7626001703456626 0.48965143313632703 0.42270847426602143
vn -0.971363218028554 0.17008241513579894 0.16590801886221668
vn -0.7626001703456626 0.48965143313632703 0.42270847426602143
vn -0.8611845405798647 0.48965144337599664 0.13639153590326042
vn -0.7626001703456626 0.48965143313632703 0.42270847426602143
vn -0.971363218028554 0.17008241513579894 0.16590801886221668
vn -0.8560390079196342 0.1700824837452974 0.488128226640295
vn -0.9592472768891359 0.22635367261274494 -0.16914099643640432
vn -0.8611845405798647 0.48965144337599664 0.13639153590326042
vn -0.8284252900556995 0.5407162320802681 -0.14607359501651193
vn -0.8611845405798647 0.48965144337599664 0.13639153590326042
vn -0.9592472768891359 0.22635367261274494 -0.16914099643640432
vn -0.971363218028554 0.17008241513579894 0.16590801886221668
vn -0.8560391361862982 0.17008233653324817 -0.48812805299102335
vn -0.9592472768891359 0.22635367261274494 -0.16914099643640432
vn -0.7626002748268456 0.48965148328432817 -0.42270822768367905
vn -0.9592472768891359 0.22635367261274494 -0.16914099643640432
vn -0.8284252900556995 0.5407162320802681 -0.14607359501651193
vn -0.7626002748268456 0.48965148328432817 -0.42270822768367905
vn -0.5760371302395594 0.4437425300966769 -0.6864938394252148
vn -0.6384810329239516 0.11556611838509086 -0.7609115867679812
vn -0.8560391361862982 0.17008233653324817 -0.48812805299102335
vn -0.8560391361862982 0.17008233653324817 -0.48812805299102335
vn -0.7626002748268456 0.48965148328432817 -0.42270822768367905
vn -0.5760371302395594 0.4437425300966769 -0.6864938394252148
vn -0.3320631758533158 0.17008240908485853 -0.9277963253657027
vn -0.5760371302395594 0.4437425300966769 -0.6864938394252148
vn -0.283862712373035 0.4896514754713861 -0.8244170019431416
vn -0.5760371302395594 0.4437425300966769 -0.6864938394252148
vn -0.3320631758533158 0.17008240908485853 -0.9277963253657027
vn -0.6384810329239516 0.11556611838509086 -0.7609115867679812
vn -4.891380566614203e-7 0.2263536670827826 -0.9740451824211941
vn -0.283862712373035 0.4896514754713861 -0.8244170019431416
vn -3.726188147517333e-7 0.5407162319220135 -0.8412050621197666
vn -0.283862712373035 0.4896514754713861 -0.8244170019431416
vn -4.891380566614203e-7 0.2263536670827826 -0.9740451824211941
vn -0.3320631758533158 0.17008240908485853 -0.9277963253657027
vn 0.33206232490393994 0.17008237083925928 -0.9277966369356415
vn -4.891380566614203e-7 0.2263536670827826 -0.9740451824211941
vn 0.283861885210078 0.489651517869528 -0.824417261569072
vn -4.891380566614203e-7 0.2263536670827826 -0.9740451824211941
vn -3.726188147517333e-7 0.5407162319220135 -0.8412050621197666
vn 0.283861885210078 0.489651517869528 -0.824417261569072
vn 0.6384803138728478 0.11556612103608321 -0.760912189720669
vn 0.33206232490393994 0.17008237083925928 -0.9277966369356415
vn 0.5760364962681804 0.4437425008816981 -0.6864943902744833
vn 0.33206232490393994 0.17008237083925928 -0.9277966369356415
vn 0.283861885210078 0.489651517869528 -0.824417261569072
vn 0.5760364962681804 0.4437425008816981 -0.6864943902744833
vn 0.5760364962681804 0.4437425008816981 -0.6864943902744833
vn 0.8560387165857475 0.17008248507437337 -0.4881287370941723
vn 0.6384803138728478 0.11556612103608321 -0.760912189720669
vn 0.8560387165857475 0.17008248507437337 -0.4881287370941723
vn 0.5760364962681804 0.4437425008816981 -0.6864943902744833
vn 0.7625998915696991 0.4896515264328691 -0.42270886912844013
vn 0.9582223262480682 0.20474655854252172 -0.19972185720329735
vn 0.7625998915696991 0.4896515264328691 -0.42270886912844013
vn 0.861184465671224 0.4896514346744655 -0.13639204011893769
vn 0.7625998915696991 0.4896515264328691 -0.42270886912844013
vn 0.9582223262480682 0.20474655854252172 -0.19972185720329735
vn 0.8560387165857475 0.17008248507437337 -0.4881287370941723
vn 0.9705308087774344 0.19303725980455977 0.14424481114052604
vn 0.861184465671224 0.4896514346744655 -0.13639204011893769
vn 0.8284254431760261 0.5407161557053162 0.14607300934077116
vn 0.861184465671224 0.4896514346744655 -0.13639204011893769
vn 0.9705308087774344 0.19303725980455977 0.14424481114052604
vn 0.9582223262480682 0.20474655854252172 -0.19972185720329735
vn 0.8560394861852685 0.17008246912795083 0.4881273929897818
vn 0.9705308087774344 0.19303725980455977 0.14424481114052604
vn 0.7843826313345205 0.46552067959940185 0.40991997331923813
vn 0.9705308087774344 0.19303725980455977 0.14424481114052604
vn 0.8284254431760261 0.5407161557053162 0.14607300934077116
vn 0.7843826313345205 0.46552067959940185 0.40991997331923813
vn 0.5796692249375912 0.46626208065338015 0.6682688544328794
vn 0.6384815106293161 0.11556614423193612 0.7609111819994957
vn 0.8560394861852685 0.17008246912795083 0.4881273929897818
vn 0.8560394861852685 0.17008246912795083 0.4881273929897818
vn 0.7843826313345205 0.46552067959940185 0.40991997331923813
vn 0.5796692249375912 0.46626208065338015 0.6682688544328794
vn 0.33206327628992605 0.17008237003074103 0.9277962965782556
vn 0.5796692249375912 0.46626208065338015 0.6682688544328794
vn 0.28386275736843636 0.4896514204687264 0.8244170191184476
vn 0.5796692249375912 0.46626208065338015 0.6682688544328794
vn 0.33206327628992605 0.17008237003074103 0.9277962965782556
vn 0.6384815106293161 0.11556614423193612 0.7609111819994957
vn 0.16927246707222166 0.22308728043280926 0.9599890088956107
vn 0.28386275736843636 0.4896514204687264 0.8244170191184476
vn 0.1467223840454113 0.5348643941199619 0.8321013291196674
vn 0.28386275736843636 0.4896514204687264 0.8244170191184476
vn 0.16927246707222166 0.22308728043280926 0.9599890088956107
vn 0.33206327628992605 0.17008237003074103 0.9277962965782556
vn -0.28386238306550376 0.4896514729150245 0.8244171168483344
vn -0.1467219857240248 0.5348644140216167 0.8321013865620653
vn -0.19869782637880073 0.73632183379737 0.6467992972055693
vn -0.1467219857240248 0.5348644140216167 0.8321013865620653
vn -0.10763263237851743 0.7847346867996278 0.6104151765649026
vn -0.19869782637880073 0.73632183379737 0.6467992972055693
vn -0.43112516085584607 0.7417181675627366 0.5137949548062895
vn -0.5760369012421006 0.4437425510431019 0.6864940180374178
vn -0.28386238306550376 0.4896514729150245 0.8244171168483344
vn -0.28386238306550376 0.4896514729150245 0.8244171168483344
vn -0.19869782637880073 0.73632183379737 0.6467992972055693
vn -0.43112516085584607 0.7417181675627366 0.5137949548062895
vn -0.7626001703456626 0.48965143313632703 0.42270847426602143
vn -0.43112516085584607 0.7417181675627366 0.5137949548062895
vn -0.6024693846214328 0.7363218664526263 0.3079947232950473
vn -0.43112516085584607 0.7417181675627366 0.5137949548062895
vn -0.7626001703456626 0.48965143313632703 0.42270847426602143
vn -0.5760369012421006 0.4437425510431019 0.6864940180374178
vn -0.8611845405798647 0.48965144337599664 0.13639153590326042
vn -0.6024693846214328 0.7363218664526263 0.3079947232950473
vn -0.6436143554342577 0.7607005878131294 0.0842328746969016
vn -0.6024693846214328 0.7363218664526263 0.3079947232950473
vn -0.8611845405798647 0.48965144337599664 0.13639153590326042
vn -0.7626001703456626 0.48965143313632703 0.42270847426602143
vn -0.8284252900556995 0.5407162320802681 -0.14607359501651193
vn -0.6436143554342577 0.7607005878131294 0.0842328746969016
vn -0.6330222124413766 0.7660444660827872 -0.11161879115884815
vn -0.6436143554342577 0.7607005878131294 0.0842328746969016
vn -0.8284252900556995 0.5407162320802681 -0.14607359501651193
vn -0.8611845405798647 0.48965144337599664 0.13639153590326042
vn -0.7626002748268456 0.48965148328432817 -0.42270822768367905
vn -0.8284252900556995 0.5407162320802681 -0.14607359501651193
vn -0.5759904737860828 0.7607005513919526 -0.29928188254497334
vn -0.8284252900556995 0.5407162320802681 -0.14607359501651193
vn -0.6330222124413766 0.7660444660827872 -0.11161879115884815
vn -0.5759904737860828 0.7607005513919526 -0.29928188254497334
vn -0.4469986267374577 0.7186169157168416 -0.5327118884917444
vn -0.7626002748268456 0.48965148328432817 -0.42270822768367905
vn -0.5759904737860828 0.7607005513919526 -0.29928188254497334
vn -0.7626002748268456 0.48965148328432817 -0.42270822768367905
vn -0.4469986267374577 0.7186169157168416 -0.5327118884917444
vn -0.5760371302395594 0.4437425300966769 -0.6864938394252148
vn -0.4469986267374577 0.7186169157168416 -0.5327118884917444
vn -0.283862712373035 0.4896514754713861 -0.8244170019431416
vn -0.5760371302395594 0.4437425300966769 -0.6864938394252148
vn -0.283862712373035 0.4896514754713861 -0.8244170019431416
vn -0.4469986267374577 0.7186169157168416 -0.5327118884917444
vn -0.20421381925422238 0.7499011390542996 -0.6292416051650334
vn -3.726188147517333e-7 0.5407162319220135 -0.8412050621197666
vn -0.20421381925422238 0.7499011390542996 -0.6292416051650334
vn -0.01050786872296801 0.7791412561774218 -0.6267603111374954
vn -0.20421381925422238 0.7499011390542996 -0.6292416051650334
vn -3.726188147517333e-7 0.5407162319220135 -0.8412050621197666
vn -0.283862712373035 0.4896514754713861 -0.8244170019431416
vn 0.283861885210078 0.489651517869528 -0.824417261569072
vn -3.726188147517333e-7 0.5407162319220135 -0.8412050621197666
vn 0.19471524018009603 0.7607006167553045 -0.6192096146780239
vn -3.726188147517333e-7 0.5407162319220135 -0.8412050621197666
vn -0.01050786872296801 0.7791412561774218 -0.6267603111374954
vn 0.19471524018009603 0.7607006167553045 -0.6192096146780239
vn 0.44699814112262076 0.7186168899124317 -0.5327123307804185
vn 0.5760364962681804 0.4437425008816981 -0.6864943902744833
vn 0.283861885210078 0.489651517869528 -0.824417261569072
vn 0.283861885210078 0.489651517869528 -0.824417261569072
vn 0.19471524018009603 0.7607006167553045 -0.6192096146780239
vn 0.44699814112262076 0.7186168899124317 -0.5327123307804185
vn 0.7625998915696991 0.4896515264328691 -0.42270886912844013
vn 0.44699814112262076 0.7186168899124317 -0.5327123307804185
vn 0.5842206081786987 0.7499010819248774 -0.3103782342678199
vn 0.44699814112262076 0.7186168899124317 -0.5327123307804185
vn 0.7625998915696991 0.4896515264328691 -0.42270886912844013
vn 0.5760364962681804 0.4437425008816981 -0.6864943902744833
vn 0.861184465671224 0.4896514346744655 -0.13639204011893769
vn 0.5842206081786987 0.7499010819248774 -0.3103782342678199
vn 0.6436143283714081 0.7607005558270101 -0.08423337034393914
vn 0.5842206081786987 0.7499010819248774 -0.3103782342678199
vn 0.861184465671224 0.4896514346744655 -0.13639204011893769
vn 0.7625998915696991 0.4896515264328691 -0.42270886912844013
vn 0.8284254431760261 0.5407161557053162 0.14607300934077116
vn 0.6436143283714081 0.7607005558270101 -0.08423337034393914
vn 0.6330222760625313 0.7660444709433167 0.11161839698627779
vn 0.6436143283714081 0.7607005558270101 -0.08423337034393914
vn 0.8284254431760261 0.5407161557053162 0.14607300934077116
vn 0.861184465671224 0.4896514346744655 -0.13639204011893769
vn 0.7843826313345205 0.46552067959940185 0.40991997331923813
vn 0.8284254431760261 0.5407161557053162 0.14607300934077116
vn 0.5808535800587253 0.7417182308825203 0.3353553108413022
vn 0.8284254431760261 0.5407161557053162 0.14607300934077116
vn 0.6330222760625313 0.7660444709433167 0.11161839698627779
vn 0.5808535800587253 0.7417182308825203 0.3353553108413022
vn 0.5796692249375912 0.46626208065338015 0.6682688544328794
vn 0.5808535800587253 0.7417182308825203 0.3353553108413022
vn 0.4079337242961144 0.7363218349033949 0.5398335225107825
vn 0.5808535800587253 0.7417182308825203 0.3353553108413022
vn 0.5796692249375912 0.46626208065338015 0.6682688544328794
vn 0.7843826313345205 0.46552067959940185 0.40991997331923813
vn 0.4079337242961144 0.7363218349033949 0.5398335225107825
vn 0.28386275736843636 0.4896514204687264 0.8244170191184476
vn 0.5796692249375912 0.46626208065338015 0.6682688544328794
vn 0.28386275736843636 0.4896514204687264 0.8244170191184476
vn 0.4079337242961144 0.7363218349033949 0.5398335225107825
vn 0.1947158511658615 0.7607005572996192 0.6192094955899846
vn 0.1467223840454113 0.5348643941199619 0.8321013291196674
vn 0.1947158511658615 0.7607005572996192 0.6192094955899846
vn 0.11262014930706965 0.7611709615109035 0.6386982615622343
vn 0.1947158511658615 0.7607005572996192 0.6192094955899846
vn 0.1467223840454113 0.5348643941199619 0.8321013291196674
vn 0.28386275736843636 0.4896514204687264 0.8244170191184476
vn -0.14390790522761315 0.9071726837002857 0.39538365768076655
vn -0.10763263237851743 0.7847346867996278 0.6104151765649026
vn -0.06019803130940222 0.9379884576258073 0.34139983946573743
vn -0.10763263237851743 0.7847346867996278 0.6104151765649026
vn -0.14390790522761315 0.9071726837002857 0.39538365768076655
vn -0.19869782637880073 0.73632183379737 0.6467992972055693
vn -0.14390790522761315 0.9071726837002857 0.39538365768076655
vn -0.43112516085584607 0.7417181675627366 0.5137949548062895
vn -0.19869782637880073 0.73632183379737 0.6467992972055693
vn -0.43112516085584607 0.7417181675627366 0.5137949548062895
vn -0.14390790522761315 0.9071726837002857 0.39538365768076655
vn -0.21984626915777689 0.9396926405267133 0.26200259402788245
vn -0.6024693846214328 0.7363218664526263 0.3079947232950473
vn -0.43112516085584607 0.7417181675627366 0.5137949548062895
vn -0.36438757076196393 0.9071726772877788 0.21037925719214357
vn -0.43112516085584607 0.7417181675627366 0.5137949548062895
vn -0.21984626915777689 0.9396926405267133 0.26200259402788245
vn -0.36438757076196393 0.9071726772877788 0.21037925719214357
vn -0.6436143554342577 0.7607005878131294 0.0842328746969016
vn -0.36438757076196393 0.9071726772877788 0.21037925719214357
vn -0.33682401059944467 0.9396926463636166 0.059391213608142465
vn -0.36438757076196393 0.9071726772877788 0.21037925719214357
vn -0.6436143554342577 0.7607005878131294 0.0842328746969016
vn -0.6024693846214328 0.7363218664526263 0.3079947232950473
vn -0.41436629688909 0.9071726624188295 -0.0730638936982875
vn -0.6330222124413766 0.7660444660827872 -0.11161879115884815
vn -0.6436143554342577 0.7607005878131294 0.0842328746969016
vn -0.41436629688909 0.9071726624188295 -0.0730638936982875
vn -0.6436143554342577 0.7607005878131294 0.0842328746969016
vn -0.33682401059944467 0.9396926463636166 0.059391213608142465
vn -0.5759904737860828 0.7607005513919526 -0.29928188254497334
vn -0.41436629688909 0.9071726624188295 -0.0730638936982875
vn -0.2961981368947191 0.9396926394342078 -0.17100996197084295
vn -0.41436629688909 0.9071726624188295 -0.0730638936982875
vn -0.5759904737860828 0.7607005513919526 -0.29928188254497334
vn -0.6330222124413766 0.7660444660827872 -0.11161879115884815
vn -0.27045848862708494 0.9071726764484291 -0.32231962558141963
vn -0.5759904737860828 0.7607005513919526 -0.29928188254497334
vn -0.2961981368947191 0.9396926394342078 -0.17100996197084295
vn -0.5759904737860828 0.7607005513919526 -0.29928188254497334
vn -0.27045848862708494 0.9071726764484291 -0.32231962558141963
vn -0.4469986267374577 0.7186169157168416 -0.5327118884917444
vn -0.27045848862708494 0.9071726764484291 -0.32231962558141963
vn -0.20421381925422238 0.7499011390542996 -0.6292416051650334
vn -0.4469986267374577 0.7186169157168416 -0.5327118884917444
vn -0.20421381925422238 0.7499011390542996 -0.6292416051650334
vn -0.27045848862708494 0.9071726764484291 -0.32231962558141963
vn -0.10798641576890589 0.9185815693963997 -0.38019315403440945
vn -0.01050786872296801 0.7791412561774218 -0.6267603111374954
vn -0.10798641576890589 0.9185815693963997 -0.38019315403440945
vn 0.02855963313832777 0.9185815623835067 -0.3941982503818093
vn -0.10798641576890589 0.9185815693963997 -0.38019315403440945
vn -0.01050786872296801 0.7791412561774218 -0.6267603111374954
vn -0.20421381925422238 0.7499011390542996 -0.6292416051650334
vn 0.19471524018009603 0.7607006167553045 -0.6192096146780239
vn 0.02855963313832777 0.9185815623835067 -0.3941982503818093
vn 0.11697757413274718 0.9396926300518711 -0.3213938521132832
vn 0.02855963313832777 0.9185815623835067 -0.3941982503818093
vn 0.19471524018009603 0.7607006167553045 -0.6192096146780239
vn -0.01050786872296801 0.7791412561774218 -0.6267603111374954
vn 0.27045813377696665 0.9071726857655755 -0.322319897112717
vn 0.44699814112262076 0.7186168899124317 -0.5327123307804185
vn 0.19471524018009603 0.7607006167553045 -0.6192096146780239
vn 0.27045813377696665 0.9071726857655755 -0.322319897112717
vn 0.19471524018009603 0.7607006167553045 -0.6192096146780239
vn 0.11697757413274718 0.9396926300518711 -0.3213938521132832
vn 0.5842206081786987 0.7499010819248774 -0.3103782342678199
vn 0.27045813377696665 0.9071726857655755 -0.322319897112717
vn 0.3556654861237303 0.9185815563801925 -0.1723658500356556
vn 0.27045813377696665 0.9071726857655755 -0.322319897112717
vn 0.5842206081786987 0.7499010819248774 -0.3103782342678199
vn 0.44699814112262076 0.7186168899124317 -0.5327123307804185
vn 0.3556654861237303 0.9185815563801925 -0.1723658500356556
vn 0.6436143283714081 0.7607005558270101 -0.08423337034393914
vn 0.5842206081786987 0.7499010819248774 -0.3103782342678199
vn 0.6436143283714081 0.7607005558270101 -0.08423337034393914
vn 0.3556654861237303 0.9185815563801925 -0.1723658500356556
vn 0.3368240065752418 0.9396926351366445 -0.059391414064245994
vn 0.4143663052350878 0.9071726806907331 0.07306361949842886
vn 0.6436143283714081 0.7607005558270101 -0.08423337034393914
vn 0.3368240065752418 0.9396926351366445 -0.059391414064245994
vn 0.6436143283714081 0.7607005558270101 -0.08423337034393914
vn 0.4143663052350878 0.9071726806907331 0.07306361949842886
vn 0.6330222760625313 0.7660444709433167 0.11161839698627779
vn 0.5808535800587253 0.7417182308825203 0.3353553108413022
vn 0.4143663052350878 0.9071726806907331 0.07306361949842886
vn 0.2961981995726934 0.9396926491843812 0.17100979983244982
vn 0.4143663052350878 0.9071726806907331 0.07306361949842886
vn 0.5808535800587253 0.7417182308825203 0.3353553108413022
vn 0.6330222760625313 0.7660444709433167 0.11161839698627779
vn 0.27045866735111634 0.9071726761468789 0.3223194764626676
vn 0.4079337242961144 0.7363218349033949 0.5398335225107825
vn 0.5808535800587253 0.7417182308825203 0.3353553108413022
vn 0.5808535800587253 0.7417182308825203 0.3353553108413022
vn 0.2961981995726934 0.9396926491843812 0.17100979983244982
vn 0.27045866735111634 0.9071726761468789 0.3223194764626676
vn 0.1947158511658615 0.7607005572996192 0.6192094955899846
vn 0.27045866735111634 0.9071726761468789 0.3223194764626676
vn 0.11697790275087509 0.9396926361722517 0.32139371461130184
vn 0.27045866735111634 0.9071726761468789 0.3223194764626676
vn 0.1947158511658615 0.7607005572996192 0.6192094955899846
vn 0.4079337242961144 0.7363218349033949 0.5398335225107825
vn 0.1947158511658615 0.7607005572996192 0.6192094955899846
vn 0.07398798464866613 0.9046862306546116 0.41960529333122104
vn 0.11262014930706965 0.7611709615109035 0.6386982615622343
vn 0.07398798464866613 0.9046862306546116 0.41960529333122104
vn 0.1947158511658615 0.7607005572996192 0.6192094955899846
vn 0.11697790275087509 0.9396926361722517 0.32139371461130184
vn -0.03060452593357968 0.9843464343552688 0.1735668751935383
vn -0.14390790522761315 0.9071726837002857 0.39538365768076655
vn -0.06019803130940222 0.9379884576258073 0.34139983946573743
vn -0.08812221771827117 0.9843464367639096 0.1526321302170935
vn -0.21984626915777689 0.9396926405267133 0.26200259402788245
vn -0.14390790522761315 0.9071726837002857 0.39538365768076655
vn -0.13501103077621832 0.9843464388217564 0.11328773079053668
vn -0.36438757076196393 0.9071726772877788 0.21037925719214357
vn -0.21984626915777689 0.9396926405267133 0.26200259402788245
vn -0.16561558571491367 0.9843464332581373 0.06027915975102183
vn -0.33682401059944467 0.9396926463636166 0.059391213608142465
vn -0.36438757076196393 0.9071726772877788 0.21037925719214357
vn -0.17624440580278344 0.9843464377053552 3.147776068772368e-8
vn -0.41436629688909 0.9071726624188295 -0.0730638936982875
vn -0.33682401059944467 0.9396926463636166 0.059391213608142465
vn -0.16561557159437137 0.9843464378977929 -0.06027912278224089
vn -0.2961981368947191 0.9396926394342078 -0.17100996197084295
vn -0.41436629688909 0.9071726624188295 -0.0730638936982875
vn -0.13501109020604832 0.9843464375472117 -0.11328767103920577
vn -0.27045848862708494 0.9071726764484291 -0.32231962558141963
vn -0.2961981368947191 0.9396926394342078 -0.17100996197084295
vn -0.08812224029728928 0.9843464393026439 -0.15263210080842546
vn -0.10798641576890589 0.9185815693963997 -0.38019315403440945
vn -0.27045848862708494 0.9071726764484291 -0.32231962558141963
vn -0.030604600448753506 0.9843464346566071 -0.173566860345511
vn 0.02855963313832777 0.9185815623835067 -0.3941982503818093
vn -0.10798641576890589 0.9185815693963997 -0.38019315403440945
vn 0.030604443974803698 0.9843464342783766 -0.1735668900811407
vn 0.11697757413274718 0.9396926300518711 -0.3213938521132832
vn 0.02855963313832777 0.9185815623835067 -0.3941982503818093
vn 0.08812212061074993 0.9843464339716288 -0.15263220428992855
vn 0.27045813377696665 0.9071726857655755 -0.322319897112717
vn 0.11697757413274718 0.9396926300518711 -0.3213938521132832
vn 0.13501094208730052 0.9843464440569499 -0.11328779099769541
vn 0.3556654861237303 0.9185815563801925 -0.1723658500356556
vn 0.27045813377696665 0.9071726857655755 -0.322319897112717
vn 0.16561554134501558 0.9843464352408196 -0.06027924927940226
vn 0.3368240065752418 0.9396926351366445 -0.059391414064245994
vn 0.3556654861237303 0.9185815563801925 -0.1723658500356556
vn 0.17624440580278136 0.9843464377053436 -1.573888092326309e-7
vn 0.4143663052350878 0.9071726806907331 0.07306361949842886
vn 0.3368240065752418 0.9396926351366445 -0.059391414064245994
vn 0.16561560154620353 0.9843464387864156 0.06027902597911183
vn 0.2961981995726934 0.9396926491843812 0.17100979983244982
vn 0.4143663052350878 0.9071726806907331 0.07306361949842886
vn 0.13501116449333428 0.9843464359540212 0.11328759635004217
vn 0.27045866735111634 0.9071726761468789 0.3223194764626676
vn 0.2961981995726934 0.9396926491843812 0.17100979983244982
vn 0.08812236657485037 0.984346435032181 0.15263205544276784
vn 0.11697790275087509 0.9396926361722517 0.32139371461130184
vn 0.27045866735111634 0.9071726761468789 0.3223194764626676
vn 0.030604598601727998 0.9843464354632505 0.17356685609649164
vn 0.07398798464866613 0.9046862306546116 0.41960529333122104
vn 0.11697790275087509 0.9396926361722517 0.32139371461130184
f 601/601/601 602/602/602 603/603/603
f 604/604/604 605/605/605 606/606/606
f 607/607/607 608/608/608 609/609/609
f 610/610/610 611/611/611 612/612/612
f 613/613/613 614/614/614 615/615/615
f 616/616/616 617/617/617 618/618/618
f 619/619/619 620/620/620 621/621/621
f 622/622/622 623/623/623 624/624/624
f 625/625/625 626/626/626 627/627/627
f 628/628/628 629/629/629 630/630/630
f 631/631/631 632/632/632 633/633/633
f 634/634/634 635/635/635 636/636/636
f 637/637/637 638/638/638 639/639/639
f 640/640/640 641/641/641 642/642/642
f 643/643/643 644/644/644 645/645/645
f 646/646/646 647/647/647 648/648/648
f 649/649/649 650/650/650 651/651/651
f 652/652/652 653/653/653 654/654/654
f 655/655/655 656/656/656 657/657/657
f 658/658/658 659/659/659 660/660/660
f 661/661/661 662/662/662 663/663/663
f 664/664/664 665/665/665 666/666/666
f 667/667/667 668/668/668 669/669/669
f 670/670/670 671/671/671 672/672/672
f 673/673/673 674/674/674 675/675/675
f 676/676/676 677/677/677 678/678/678
f 679/679/679 680/680/680 681/681/681
f 682/682/682 683/683/683 684/684/684
f 685/685/685 686/686/686 687/687/687
f 688/688/688 689/689/689 690/690/690
f 691/691/691 692/692/692 693/693/693
f 694/694/694 695/695/695 696/696/696
f 697/697/697 698/698/698 699/699/699
f 700/700/700 701/701/701 702/702/702
f 703/703/703 704/704/704 705/705/705
f 706/706/706 707/707/707 708/708/708
f 709/709/709 710/710/710 711/711/711
f 712/712/712 713/713/713 714/714/714
f 715/715/715 716/716/716 717/717/717
f 718/718/718 719/719/719 720/720/720
f 721/721/721 722/722/722 723/723/723
f 724/724/724 725/725/725 726/726/726
f 727/727/727 728/728/728 729/729/729
f 730/730/730 731/731/731 732/732/732
f 733/733/733 734/734/734 735/735/735
f 736/736/736 737/737/737 738/738/738
f 739/739/739 740/740/740 741/741/741
f 742/742/742 743/743/743 744/744/744
f 745/745/745 746/746/746 747/747/747
f 748/748/748 749/749/749 750/750/750
f 751/751/751 752/752/752 753/753/753
f 754/754/754 755/755/755 756/756/756
f 757/757/757 758/758/758 759/759/759
f 760/760/760 761/761/761 762/762/762
f 763/763/763 764/764/764 765/765/765
f 766/766/766 767/767/767 768/768/768
f 769/769/769 770/770/770 771/771/771
f 772/772/772 773/773/773 774/774/774
f 775/775/775 776/776/776 777/777/777
f 778/778/778 779/779/779 780/780/780
f 781/781/781 782/782/782 783/783/783
f 784/784/784 785/785/785 786/786/786
f 787/787/787 788/788/788 789/789/789
f 790/790/790 791/791/791 792/792/792
f 793/793/793 794/794/794 795/795/795
f 796/796/796 797/797/797 798/798/798
f 799/799/799 800/800/800 801/801/801
f 802/802/802 803/803/803 804/804/804
f 805/805/805 806/806/806 807/807/807
f 808/808/808 809/809/809 810/810/810
f 811/811/811 812/812/812 813/813/813
f 814/814/814 815/815/815 816/816/816
f 817/817/817 818/818/818 819/819/819
f 820/820/820 821/821/821 822/822/822
f 823/823/823 824/824/824 825/825/825
f 826/826/826 827/827/827 828/828/828
f 829/829/829 830/830/830 831/831/831
f 832/832/832 833/833/833 834/834/834
f 835/835/835 836/836/836 837/837/837
f 838/838/838 839/839/839 840/840/840
f 841/841/841 842/842/842 843/843/843
f 844/844/844 845/845/845 846/846/846
f 847/847/847 848/848/848 849/849/849
f 850/850/850 851/851/851 852/852/852
f 853/853/853 854/854/854 855/855/855
f 856/856/856 857/857/857 858/858/858
f 859/859/859 860/860/860 861/861/861
f 862/862/862 863/863/863 864/864/864
f 865/865/865 866/866/866 867/867/867
f 868/868/868 869/869/869 870/870/870
f 871/871/871 872/872/872 873/873/873
f 874/874/874 875/875/875 876/876/876
f 877/877/877 878/878/878 879/879/879
f 880/880/880 881/881/881 882/882/882
f 883/883/883 884/884/884 885/885/885
f 886/886/886 887/887/887 888/888/888
f 889/889/889 890/890/890 891/891/891
f 892/892/892 893/893/893 894/894/894
f 895/895/895 896/896/896 897/897/897
f 898/898/898 899/899/899 900/900/900
f 901/901/901 902/902/902 903/903/903
f 904/904/904 905/905/905 906/906/906
f 907/907/907 908/908/908 909/909/909
f 910/910/910 911/911/911 912/912/912
f 913/913/913 914/914/914 915/915/915
f 916/916/916 917/917/917 918/918/918
f 919/919/919 920/920/920 921/921/921
f 922/922/922 923/923/923 924/924/924
f 925/925/925 926/926/926 927/927/927
f 928/928/928 929/929/929 930/930/930
f 931/931/931 932/932/932 933/933/933
f 934/934/934 935/935/935 936/936/936
f 937/937/937 938/938/938 939/939/939
f 940/940/940 941/941/941 942/942/942
f 943/943/943 944/944/944 945/945/945
f 946/946/946 947/947/947 948/948/948
f 949/949/949 950/950/950 951/951/951
f 952/952/952 953/953/953 954/954/954
f 955/955/955 956/956/956 957/957/957
f 958/958/958 959/959/959 960/960/960
f 961/961/961 962/962/962 963/963/963
f 964/964/964 965/965/965 966/966/966
f 967/967/967 968/968/968 969/969/969
f 970/970/970 971/971/971 972/972/972
f 973/973/973 974/974/974 975/975/975
f 976/976/976 977/977/977 978/978/978
f 979/979/979 980/980/980 981/981/981
f 982/982/982 983/983/983 984/984/984
f 985/985/985 986/986/986 987/987/987
f 988/988/988 989/989/989 990/990/990
f 991/991/991 992/992/992 993/993/993
f 994/994/994 995/995/995 996/996/996
f 997/997/997 998/998/998 999/999/999
f 1000/1000/1000 1001/1001/1001 1002/1002/1002
f 1003/1003/1003 1004/1004/1004 1005/1005/1005
f 1006/1006/1006 1007/1007/1007 1008/1008/1008
f 1009/1009/1009 1010/1010/1010 1011/1011/1011
f 1012/1012/1012 1013/1013/1013 1014/1014/1014
f 1015/1015/1015 1016/1016/1016 1017/1017/1017
f 1018/1018/1018 1019/1019/1019 1020/1020/1020
f 1021/1021/1021 1022/1022/1022 1023/1023/1023
f 1024/1024/1024 1025/1025/1025 1026/1026/1026
f 1027/1027/1027 1028/1028/1028 1029/1029/1029
f 1030/1030/1030 1031/1031/1031 1032/1032/1032
f 1033/1033/1033 1034/1034/1034 1035/1035/1035
f 1036/1036/1036 1037/1037/1037 1038/1038/1038
f 1039/1039/1039 1040/1040/1040 1041/1041/1041
f 1042/1042/1042 1043/1043/1043 1044/1044/1044
f 1045/1045/1045 1046/1046/1046 1047/1047/1047
f 1048/1048/1048 1049/1049/1049 1050/1050/1050
f 1051/1051/1051 1052/1052/1052 1053/1053/1053
f 1054/1054/1054 1055/1055/1055 1056/1056/1056
f 1057/1057/1057 1058/1058/1058 1059/1059/1059
f 1060/1060/1060 1061/1061/1061 1062/1062/1062
f 1063/1063/1063 1064/1064/1064 1065/1065/1065
f 1066/1066/1066 1067/1067/1067 1068/1068/1068
f 1069/1069/1069 1070/1070/1070 1071/1071/1071
f 1072/1072/1072 1073/1073/1073 1074/1074/1074
f 1075/1075/1075 1076/1076/1076 1077/1077/1077
f 1078/1078/1078 1079/1079/1079 1080/1080/1080
f 1081/1081/1081 1082/1082/1082 1083/1083/1083
f 1084/1084/1084 1085/1085/1085 1086/1086/1086
f 1087/1087/1087 1088/1088/1088 1089/1089/1089
f 1090/1090/1090 1091/1091/1091 1092/1092/1092
f 1093/1093/1093 1094/1094/1094 1095/1095/1095
f 1096/1096/1096 1097/1097/1097 1098/1098/1098
f 1099/1099/1099 1100/1100/1100 1101/1101/1101
f 1102/1102/1102 1103/1103/1103 1104/1104/1104
f 1105/1105/1105 1106/1106/1106 1107/1107/1107
f 1108/1108/1108 1109/1109/1109 1110/1110/1110
f 1111/1111/1111 1112/1112/1112 1113/1113/1113
f 1114/1114/1114 1115/1115/1115 1116/1116/1116
f 1117/1117/1117 1118/1118/1118 1119/1119/1119
f 1120/1120/1120 1121/1121/1121 1122/1122/1122
f 1123/1123/1123 1124/1124/1124 1125/1125/1125
f 1126/1126/1126 1127/1127/1127 1128/1128/1128
f 1129/1129/1129 1130/1130/1130 1131/1131/1131
f 1132/1132/1132 1133/1133/1133 1134/1134/1134
f 1135/1135/1135 1136/1136/1136 1137/1137/1137
f 1138/1138/1138 1139/1139/1139 1140/1140/1140
f 1141/1141/1141 1142/1142/1142 1143/1143/1143
f 1144/1144/1144 1145/1145/1145 1146/1146/1146
f 1147/1147/1147 1148/1148/1148 1149/1149/1149
f 1150/1150/1150 1151/1151/1151 1152/1152/1152
f 1153/1153/1153 1154/1154/1154 1155/1155/1155
f 1156/1156/1156 1157/1157/1157 1158/1158/1158
f 1159/1159/1159 1160/1160/1160 1161/1161/1161
f 1162/1162/1162 1163/1163/1163 1164/1164/1164
f 1165/1165/1165 1166/1166/1166 1167/1167/1167
f 1168/1168/1168 1169/1169/1169 1170/1170/1170
f 1171/1171/1171 1172/1172/1172 1173/1173/1173
f 1174/1174/1174 1175/1175/1175 1176/1176/1176
f 1177/1177/1177 1178/1178/1178 1179/1179/1179
f 1180/1180/1180 1181/1181/1181 1182/1182/1182
f 1183/1183/1183 1184/1184/1184 1185/1185/1185
f 1186/1186/1186 1187/1187/1187 1188/1188/1188
f 1189/1189/1189 1190/1190/1190 1191/1191/1191
f 1192/1192/1192 1193/1193/1193 1194/1194/1194
f 1195/1195/1195 1196/1196/1196 1197/1197/1197
f 1198/1198/1198 1199/1199/1199 1200/1200/1200
f 1201/1201/1201 1202/1202/1202 1203/1203/1203
f 1204/1204/1204 1205/1205/1205 1206/1206/1206
f 1207/1207/1207 1208/1208/1208 1209/1209/1209
f 1210/1210/1210 1211/1211/1211 1212/1212/1212
f 1213/1213/1213 1214/1214/1214 1215/1215/1215
f 1216/1216/1216 1217/1217/1217 1218/1218/1218
f 1219/1219/1219 1220/1220/1220 1221/1221/1221
f 1222/1222/1222 1223/1223/1223 1224/1224/1224
f 1225/1225/1225 1226/1226/1226 1227/1227/1227
f 1228/1228/1228 1229/1229/1229 1230/1230/1230
f 1231/1231/1231 1232/1232/1232 1233/1233/1233
f 1234/1234/1234 1235/1235/1235 1236/1236/1236
f 1237/1237/1237 1238/1238/1238 1239/1239/1239
f 1240/1240/1240 1241/1241/1241 1242/1242/1242
f 1243/1243/1243 1244/1244/1244 1245/1245/1245
f 1246/1246/1246 1247/1247/1247 1248/1248/1248
f 1249/1249/1249 1250/1250/1250 1251/1251/1251
f 1252/1252/1252 1253/1253/1253 1254/1254/1254
f 1255/1255/1255 1256/1256/1256 1257/1257/1257
f 1258/1258/1258 1259/1259/1259 1260/1260/1260
f 1261/1261/1261 1262/1262/1262 1263/1263/1263
f 1264/1264/1264 1265/1265/1265 1266/1266/1266
f 1267/1267/1267 1268/1268/1268 1269/1269/1269
f 1270/1270/1270 1271/1271/1271 1272/1272/1272
f 1273/1273/1273 1274/1274/1274 1275/1275/1275
f 1276/1276/1276 1277/1277/1277 1278/1278/1278
f 1279/1279/1279 1280/1280/1280 1281/1281/1281
f 1282/1282/1282 1283/1283/1283 1284/1284/1284
f 1285/1285/1285 1286/1286/1286 1287/1287/1287
f 1288/1288/1288 1289/1289/1289 1290/1290/1290
f 1291/1291/1291 1292/1292/1292 1293/1293/1293
f 1294/1294/1294 1295/1295/1295 1296/1296/1296
f 1297/1297/1297 1298/1298/1298 1299/1299/1299
f 1300/1300/1300 1301/1301/1301 1302/1302/1302
f 1303/1303/1303 1304/1304/1304 1305/1305/1305
f 1306/1306/1306 1307/1307/1307 1308/1308/1308
f 1309/1309/1309 1310/1310/1310 1311/1311/1311
f 1312/1312/1312 1313/1313/1313 1314/1314/1314
f 1315/1315/1315 1316/1316/1316 1317/1317/1317
f 1318/1318/1318 1319/1319/1319 1320/1320/1320
f 1321/1321/1321 1322/1322/1322 1323/1323/1323
f 1324/1324/1324 1325/1325/1325 1326/1326/1326
f 1327/1327/1327 1328/1328/1328 1329/1329/1329
f 1330/1330/1330 1331/1331/1331 1332/1332/1332
f 1333/1333/1333 1334/1334/1334 1335/1335/1335
f 1336/1336/1336 1337/1337/1337 1338/1338/1338
f 1339/1339/1339 1340/1340/1340 1341/1341/1341
f 1342/1342/1342 1343/1343/1343 1344/1344/1344
f 1345/1345/1345 1346/1346/1346 1347/1347/1347
f 1348/1348/1348 1349/1349/1349 1350/1350/1350
f 1351/1351/1351 1352/1352/1352 1353/1353/1353
f 1354/1354/1354 1355/1355/1355 1356/1356/1356
f 1357/1357/1357 1358/1358/1358 1359/1359/1359
f 1360/1360/1360 1361/1361/1361 1362/1362/1362
f 1363/1363/1363 1364/1364/1364 1365/1365/1365
f 1366/1366/1366 1367/1367/1367 1368/1368/1368
f 1369/1369/1369 1370/1370/1370 1371/1371/1371
f 1372/1372/1372 1373/1373/1373 1374/1374/1374
f 1375/1375/1375 1376/1376/1376 1377/1377/1377
f 1378/1378/1378 1379/1379/1379 1380/1380/1380
f 1381/1381/1381 1382/1382/1382 1383/1383/1383
f 1384/1384/1384 1385/1385/1385 1386/1386/1386
f 1387/1387/1387 1388/1388/1388 1389/1389/1389
f 1390/1390/1390 1391/1391/1391 1392/1392/1392
f 1393/1393/1393 1394/1394/1394 1395/1395/1395
f 1396/1396/1396 1397/1397/1397 1398/1398/1398
f 1399/1399/1399 1400/1400/1400 1401/1401/1401
f 1402/1402/1402 1403/1403/1403 1404/1404/1404
f 1405/1405/1405 1406/1406/1406 1407/1407/1407
f 1408/1408/1408 1409/1409/1409 1410/1410/1410
f 1411/1411/1411 1412/1412/1412 1413/1413/1413
f 1414/1414/1414 1415/1415/1415 1416/1416/1416
f 1417/1417/1417 1418/1418/1418 1419/1419/1419
f 1420/1420/1420 1421/1421/1421 1422/1422/1422
f 1423/1423/1423 1424/1424/1424 1425/1425/1425
f 1426/1426/1426 1427/1427/1427 1428/1428/1428
f 1429/1429/1429 1430/1430/1430 1431/1431/1431
f 1432/1432/1432 1433/1433/1433 1434/1434/1434
f 1435/1435/1435 1436/1436/1436 1437/1437/1437
f 1438/1438/1438 1439/1439/1439 1440/1440/1440
f 1441/1441/1441 1442/1442/1442 1443/1443/1443
f 1444/1444/1444 1445/1445/1445 1446/1446/1446
f 1447/1447/1447 1448/1448/1448 1449/1449/1449
f 1450/1450/1450 1451/1451/1451 1452/1452/1452
f 1453/1453/1453 1454/1454/1454 1455/1455/1455
f 1456/1456/1456 1457/1457/1457 1458/1458/1458
f 1459/1459/1459 1460/1460/1460 1461/1461/1461
f 1462/1462/1462 1463/1463/1463 1464/1464/1464
